clip_filename,true,class,R_trim,mu_train,sigma_train,Z,pred_calibrated,pred_raw
1_vBCN7D6Tw_29_39.wav,V6,V6,31.05379295349121,22.18110455964741,6.945824373206568,1.277413294247705,V8,V8
1_vBCN7D6Tw_29_39.wav,V6,V8,27.98628044128418,23.17665942509969,6.708602551096194,0.7169333672030686,V8,V8
1_vBCN7D6Tw_29_39.wav,V6,inline-4,32.4715461730957,23.43920473825364,8.880166602734468,1.0171364839101933,V8,V8
1_vBCN7D6Tw_29_39.wav,V6,inline-6,43.42281723022461,20.60273892538888,7.91271078312986,2.8839773031372293,V8,V8
1_vBCN7D6Tw_29_39.wav,V6,single-cylinder,37.19838333129883,22.89808008147449,5.402642194283292,2.646909185464095,V8,V8
-h_Jo-4R1qw_20_30.wav,V6,V6,28.972049713134766,22.18110455964741,6.945824373206568,0.9777018232253819,single-cylinder,single-cylinder
-h_Jo-4R1qw_20_30.wav,V6,V8,26.98237419128418,23.17665942509969,6.708602551096194,0.5672887515988903,single-cylinder,single-cylinder
-h_Jo-4R1qw_20_30.wav,V6,inline-4,30.46309471130371,23.43920473825364,8.880166602734468,0.7909637608473704,single-cylinder,single-cylinder
-h_Jo-4R1qw_20_30.wav,V6,inline-6,29.63978385925293,20.60273892538888,7.91271078312986,1.1420921579910772,single-cylinder,single-cylinder
-h_Jo-4R1qw_20_30.wav,V6,single-cylinder,24.53681755065918,22.89808008147449,5.402642194283292,0.30332148794134295,single-cylinder,single-cylinder
44uH0cqsoTA_30_40.wav,single-cylinder,V6,18.528322219848633,22.18110455964741,6.945824373206568,-0.5258961562416319,single-cylinder,single-cylinder
44uH0cqsoTA_30_40.wav,single-cylinder,V8,20.29098129272461,23.17665942509969,6.708602551096194,-0.4301459373090386,single-cylinder,single-cylinder
44uH0cqsoTA_30_40.wav,single-cylinder,inline-4,19.768945693969727,23.43920473825364,8.880166602734468,-0.4133097056032407,single-cylinder,single-cylinder
44uH0cqsoTA_30_40.wav,single-cylinder,inline-6,17.30044937133789,20.60273892538888,7.91271078312986,-0.417339852872112,single-cylinder,single-cylinder
44uH0cqsoTA_30_40.wav,single-cylinder,single-cylinder,16.45915985107422,22.89808008147449,5.402642194283292,-1.1918094885523787,single-cylinder,single-cylinder
490glKBS92E_4_14.wav,single-cylinder,V6,30.482017517089844,22.18110455964741,6.945824373206568,1.1950939890537837,inline-4,V6
490glKBS92E_4_14.wav,single-cylinder,V8,36.68495178222656,23.17665942509969,6.708602551096194,2.013577679440795,inline-4,V6
490glKBS92E_4_14.wav,single-cylinder,inline-4,32.303321838378906,23.43920473825364,8.880166602734468,0.9981926574886265,inline-4,V6
490glKBS92E_4_14.wav,single-cylinder,inline-6,32.495975494384766,20.60273892538888,7.91271078312986,1.503054628807188,inline-4,V6
490glKBS92E_4_14.wav,single-cylinder,single-cylinder,42.382137298583984,22.89808008147449,5.402642194283292,3.6063941524253074,inline-4,V6
1llNz7oLjM8_11_21.wav,inline-4,V6,23.523542404174805,22.18110455964741,6.945824373206568,0.1932726444546789,V6,V6
1llNz7oLjM8_11_21.wav,inline-4,V8,27.409902572631836,23.17665942509969,6.708602551096194,0.6310171328960946,V6,V6
1llNz7oLjM8_11_21.wav,inline-4,inline-4,25.907426834106445,23.43920473825364,8.880166602734468,0.27794772398670614,V6,V6
1llNz7oLjM8_11_21.wav,inline-4,inline-6,33.00957489013672,20.60273892538888,7.91271078312986,1.5679627759426755,V6,V6
1llNz7oLjM8_11_21.wav,inline-4,single-cylinder,36.55268096923828,22.89808008147449,5.402642194283292,2.527393152597105,V6,V6
42UW0kaXlOQ_13_23.wav,V6,V6,33.32472229003906,22.18110455964741,6.945824373206568,1.6043621507877484,single-cylinder,single-cylinder
42UW0kaXlOQ_13_23.wav,V6,V8,32.08681106567383,23.17665942509969,6.708602551096194,1.3281680607413846,single-cylinder,single-cylinder
42UW0kaXlOQ_13_23.wav,V6,inline-4,30.978641510009766,23.43920473825364,8.880166602734468,0.8490197435523911,single-cylinder,single-cylinder
42UW0kaXlOQ_13_23.wav,V6,inline-6,31.19698143005371,20.60273892538888,7.91271078312986,1.33888913610391,single-cylinder,single-cylinder
42UW0kaXlOQ_13_23.wav,V6,single-cylinder,26.639108657836914,22.89808008147449,5.402642194283292,0.6924442600179828,single-cylinder,single-cylinder
1XajRAh041I_30_40.wav,inline-6,V6,46.577850341796875,22.18110455964741,6.945824373206568,3.512433437888181,inline-4,single-cylinder
1XajRAh041I_30_40.wav,inline-6,V8,47.363189697265625,23.17665942509969,6.708602551096194,3.605300819052669,inline-4,single-cylinder
1XajRAh041I_30_40.wav,inline-6,inline-4,48.00004577636719,23.43920473825364,8.880166602734468,2.765808586355861,inline-4,single-cylinder
1XajRAh041I_30_40.wav,inline-6,inline-6,45.67008972167969,20.60273892538888,7.91271078312986,3.167985218129691,inline-4,single-cylinder
1XajRAh041I_30_40.wav,inline-6,single-cylinder,40.643157958984375,22.89808008147449,5.402642194283292,3.284518433644656,inline-4,single-cylinder
4Mhv2oHk2g4_30_40.wav,V8,V6,22.61212730407715,22.18110455964741,6.945824373206568,0.06205494427593139,single-cylinder,single-cylinder
4Mhv2oHk2g4_30_40.wav,V8,V8,25.284751892089844,23.17665942509969,6.708602551096194,0.31423719782679466,single-cylinder,single-cylinder
4Mhv2oHk2g4_30_40.wav,V8,inline-4,24.382423400878906,23.43920473825364,8.880166602734468,0.1062163250782729,single-cylinder,single-cylinder
4Mhv2oHk2g4_30_40.wav,V8,inline-6,22.08094596862793,20.60273892538888,7.91271078312986,0.18681423898250285,single-cylinder,single-cylinder
4Mhv2oHk2g4_30_40.wav,V8,single-cylinder,20.639015197753906,22.89808008147449,5.402642194283292,-0.41814075455727423,single-cylinder,single-cylinder
0VDcpGUt5Oo_30_40.wav,inline-6,V6,32.9709587097168,22.18110455964741,6.945824373206568,1.5534303158731047,inline-6,inline-6
0VDcpGUt5Oo_30_40.wav,inline-6,V8,35.81381607055664,23.17665942509969,6.708602551096194,1.8837241510740599,inline-6,inline-6
0VDcpGUt5Oo_30_40.wav,inline-6,inline-4,25.202070236206055,23.43920473825364,8.880166602734468,0.19851716491552943,inline-6,inline-6
0VDcpGUt5Oo_30_40.wav,inline-6,inline-6,17.473339080810547,20.60273892538888,7.91271078312986,-0.39549023468042194,inline-6,inline-6
0VDcpGUt5Oo_30_40.wav,inline-6,single-cylinder,32.08929443359375,22.89808008147449,5.402642194283292,1.701244321129535,inline-6,inline-6
22SjMzMC25w_20_30.wav,inline-4,V6,27.170333862304688,22.18110455964741,6.945824373206568,0.7183062851262363,inline-4,inline-6
22SjMzMC25w_20_30.wav,inline-4,V8,26.800100326538086,23.17665942509969,6.708602551096194,0.5401185826467423,inline-4,inline-6
22SjMzMC25w_20_30.wav,inline-4,inline-4,26.87955093383789,23.43920473825364,8.880166602734468,0.38741910478626224,inline-4,inline-6
22SjMzMC25w_20_30.wav,inline-4,inline-6,26.028921127319336,20.60273892538888,7.91271078312986,0.685755154036369,inline-4,inline-6
22SjMzMC25w_20_30.wav,inline-4,single-cylinder,26.960113525390625,22.89808008147449,5.402642194283292,0.7518605337614811,inline-4,inline-6
0xQcOgG7X5U_30_40.wav,inline-6,V6,47.70762252807617,22.18110455964741,6.945824373206568,3.67508831160445,V8,V8
0xQcOgG7X5U_30_40.wav,inline-6,V8,42.01387405395508,23.17665942509969,6.708602551096194,2.8079193073939615,V8,V8
0xQcOgG7X5U_30_40.wav,inline-6,inline-4,62.18706512451172,23.43920473825364,8.880166602734468,4.363415926715436,V8,V8
0xQcOgG7X5U_30_40.wav,inline-6,inline-6,59.31305694580078,20.60273892538888,7.91271078312986,4.892168952129968,V8,V8
0xQcOgG7X5U_30_40.wav,inline-6,single-cylinder,42.41249084472656,22.89808008147449,5.402642194283292,3.612012430492046,V8,V8
0S3mGlU-mek_30_40.wav,V8,V6,18.739152908325195,22.18110455964741,6.945824373206568,-0.49554256865455737,inline-4,inline-4
0S3mGlU-mek_30_40.wav,V8,V8,22.007495880126953,23.17665942509969,6.708602551096194,-0.17427825483292247,inline-4,inline-4
0S3mGlU-mek_30_40.wav,V8,inline-4,18.047082901000977,23.43920473825364,8.880166602734468,-0.6072095354148275,inline-4,inline-4
0S3mGlU-mek_30_40.wav,V8,inline-6,18.471389770507812,20.60273892538888,7.91271078312986,-0.26935764661399847,inline-4,inline-4
0S3mGlU-mek_30_40.wav,V8,single-cylinder,24.087636947631836,22.89808008147449,5.402642194283292,0.22018057524076912,inline-4,inline-4
-YNzGGdFf0s_30_40.wav,single-cylinder,V6,13.457693099975586,22.18110455964741,6.945824373206568,-1.2559216863188012,single-cylinder,V6
-YNzGGdFf0s_30_40.wav,single-cylinder,V8,15.190048217773438,23.17665942509969,6.708602551096194,-1.1905029619054164,single-cylinder,V6
-YNzGGdFf0s_30_40.wav,single-cylinder,inline-4,14.688132286071777,23.43920473825364,8.880166602734468,-0.9854626431768911,single-cylinder,V6
-YNzGGdFf0s_30_40.wav,single-cylinder,inline-6,15.291080474853516,20.60273892538888,7.91271078312986,-0.6712817637490279,single-cylinder,V6
-YNzGGdFf0s_30_40.wav,single-cylinder,single-cylinder,14.474605560302734,22.89808008147449,5.402642194283292,-1.559139809422305,single-cylinder,V6
-tyB1KS6JAE_11_21.wav,inline-4,V6,21.549518585205078,22.18110455964741,6.945824373206568,-0.0909303115809645,V6,V6
-tyB1KS6JAE_11_21.wav,inline-4,V8,26.208213806152344,23.17665942509969,6.708602551096194,0.4518905924091887,V6,V6
-tyB1KS6JAE_11_21.wav,inline-4,inline-4,24.03472137451172,23.43920473825364,8.880166602734468,0.06706142608571125,V6,V6
-tyB1KS6JAE_11_21.wav,inline-4,inline-6,25.27613067626953,20.60273892538888,7.91271078312986,0.5906182949141101,V6,V6
-tyB1KS6JAE_11_21.wav,inline-4,single-cylinder,24.954835891723633,22.89808008147449,5.402642194283292,0.3806944336283203,V6,V6
1O7LB9rRIZs_16_26.wav,single-cylinder,V6,18.579849243164062,22.18110455964741,6.945824373206568,-0.518477738995985,single-cylinder,single-cylinder
1O7LB9rRIZs_16_26.wav,single-cylinder,V8,19.214834213256836,23.17665942509969,6.708602551096194,-0.5905589400575663,single-cylinder,single-cylinder
1O7LB9rRIZs_16_26.wav,single-cylinder,inline-4,19.24308204650879,23.43920473825364,8.880166602734468,-0.472527473803559,single-cylinder,single-cylinder
1O7LB9rRIZs_16_26.wav,single-cylinder,inline-6,17.043434143066406,20.60273892538888,7.91271078312986,-0.44982116494274255,single-cylinder,single-cylinder
1O7LB9rRIZs_16_26.wav,single-cylinder,single-cylinder,14.535568237304688,22.89808008147449,5.402642194283292,-1.5478559459329813,single-cylinder,single-cylinder
0kSRn21ZwYA_7_17.wav,V6,V6,42.05232238769531,22.18110455964741,6.945824373206568,2.8608868811455817,single-cylinder,single-cylinder
0kSRn21ZwYA_7_17.wav,V6,V8,36.604331970214844,23.17665942509969,6.708602551096194,2.001560301544627,single-cylinder,single-cylinder
0kSRn21ZwYA_7_17.wav,V6,inline-4,42.00598907470703,23.43920473825364,8.880166602734468,2.0908148649751825,single-cylinder,single-cylinder
0kSRn21ZwYA_7_17.wav,V6,inline-6,42.365631103515625,20.60273892538888,7.91271078312986,2.7503712412345327,single-cylinder,single-cylinder
0kSRn21ZwYA_7_17.wav,V6,single-cylinder,30.28603172302246,22.89808008147449,5.402642194283292,1.3674700962735231,single-cylinder,single-cylinder
0yQx2Xc6ktk_27_37.wav,single-cylinder,V6,31.37640380859375,22.18110455964741,6.945824373206568,1.323860027964009,inline-4,inline-6
0yQx2Xc6ktk_27_37.wav,single-cylinder,V8,33.14381408691406,23.17665942509969,6.708602551096194,1.4857274053574283,inline-4,inline-6
0yQx2Xc6ktk_27_37.wav,single-cylinder,inline-4,34.01387405395508,23.43920473825364,8.880166602734468,1.1908187975262967,inline-4,inline-6
0yQx2Xc6ktk_27_37.wav,single-cylinder,inline-6,30.52810287475586,20.60273892538888,7.91271078312986,1.2543569734064028,inline-4,inline-6
0yQx2Xc6ktk_27_37.wav,single-cylinder,single-cylinder,31.24226951599121,22.89808008147449,5.402642194283292,1.5444645664941452,inline-4,inline-6
-cL8__7nd84_17_27.wav,V8,V6,10.995863914489746,22.18110455964741,6.945824373206568,-1.6103546597441465,single-cylinder,V6
-cL8__7nd84_17_27.wav,V8,V8,13.305135726928711,23.17665942509969,6.708602551096194,-1.4714724300604094,single-cylinder,V6
-cL8__7nd84_17_27.wav,V8,inline-4,11.358388900756836,23.43920473825364,8.880166602734468,-1.3604267102124818,single-cylinder,V6
-cL8__7nd84_17_27.wav,V8,inline-6,11.067230224609375,20.60273892538888,7.91271078312986,-1.205087480400459,single-cylinder,V6
-cL8__7nd84_17_27.wav,V8,single-cylinder,12.945473670959473,22.89808008147449,5.402642194283292,-1.84217389429309,single-cylinder,V6
-pQBAic4UTA_0_10.wav,inline-4,V6,24.023216247558594,22.18110455964741,6.945824373206568,0.2652113829737919,inline-4,inline-4
-pQBAic4UTA_0_10.wav,inline-4,V8,25.556264877319336,23.17665942509969,6.708602551096194,0.3547095589722804,inline-4,inline-4
-pQBAic4UTA_0_10.wav,inline-4,inline-4,15.212244987487793,23.43920473825364,8.880166602734468,-0.9264420498859245,inline-4,inline-4
-pQBAic4UTA_0_10.wav,inline-4,inline-6,19.372514724731445,20.60273892538888,7.91271078312986,-0.15547443023954707,inline-4,inline-4
-pQBAic4UTA_0_10.wav,inline-4,single-cylinder,33.15591049194336,22.89808008147449,5.402642194283292,1.898669214356451,inline-4,inline-4
4nX1nMHxnkE_20_30.wav,inline-6,V6,29.623796463012695,22.18110455964741,6.945824373206568,1.0715347096991652,inline-4,inline-6
4nX1nMHxnkE_20_30.wav,inline-6,V8,28.58416748046875,23.17665942509969,6.708602551096194,0.8060558088190016,inline-4,inline-6
4nX1nMHxnkE_20_30.wav,inline-6,inline-4,26.257030487060547,23.43920473825364,8.880166602734468,0.31731676609977283,inline-4,inline-6
4nX1nMHxnkE_20_30.wav,inline-6,inline-6,25.944660186767578,20.60273892538888,7.91271078312986,0.6751063456998625,inline-4,inline-6
4nX1nMHxnkE_20_30.wav,inline-6,single-cylinder,28.372201919555664,22.89808008147449,5.402642194283292,1.0132304974542858,inline-4,inline-6
-UcTQgyfxBQ_30_40.wav,V6,V6,28.386436462402344,22.18110455964741,6.945824373206568,0.8933902686471495,inline-4,inline-4
-UcTQgyfxBQ_30_40.wav,V6,V8,28.272178649902344,23.17665942509969,6.708602551096194,0.7595500234203083,inline-4,inline-4
-UcTQgyfxBQ_30_40.wav,V6,inline-4,25.04969596862793,23.43920473825364,8.880166602734468,0.18135822247730934,inline-4,inline-4
-UcTQgyfxBQ_30_40.wav,V6,inline-6,25.28277015686035,20.60273892538888,7.91271078312986,0.5914573854322389,inline-4,inline-4
-UcTQgyfxBQ_30_40.wav,V6,single-cylinder,29.719696044921875,22.89808008147449,5.402642194283292,1.2626444095567821,inline-4,inline-4
4IZJXS18go8_30_40.wav,inline-4,V6,17.76884651184082,22.18110455964741,6.945824373206568,-0.6352389307202785,single-cylinder,single-cylinder
4IZJXS18go8_30_40.wav,inline-4,V8,19.549789428710938,23.17665942509969,6.708602551096194,-0.5406297315669888,single-cylinder,single-cylinder
4IZJXS18go8_30_40.wav,inline-4,inline-4,19.07979393005371,23.43920473825364,8.880166602734468,-0.4909154302192412,single-cylinder,single-cylinder
4IZJXS18go8_30_40.wav,inline-4,inline-6,19.113502502441406,20.60273892538888,7.91271078312986,-0.18820812029710118,single-cylinder,single-cylinder
4IZJXS18go8_30_40.wav,inline-4,single-cylinder,16.603328704833984,22.89808008147449,5.402642194283292,-1.1651246094552,single-cylinder,single-cylinder
-6EfENcd5xQ_13_23.wav,single-cylinder,V6,31.977365493774414,22.18110455964741,6.945824373206568,1.4103813180068245,inline-4,inline-4
-6EfENcd5xQ_13_23.wav,single-cylinder,V8,32.39863204956055,23.17665942509969,6.708602551096194,1.3746488265211023,inline-4,inline-4
-6EfENcd5xQ_13_23.wav,single-cylinder,inline-4,30.929039001464844,23.43920473825364,8.880166602734468,0.8434339802706924,inline-4,inline-4
-6EfENcd5xQ_13_23.wav,single-cylinder,inline-6,32.51359558105469,20.60273892538888,7.91271078312986,1.505281436680349,inline-4,inline-4
-6EfENcd5xQ_13_23.wav,single-cylinder,single-cylinder,33.865631103515625,22.89808008147449,5.402642194283292,2.0300346807431096,inline-4,inline-4
-SeKgSHpQHs_4_14.wav,V8,V6,29.943464279174805,22.18110455964741,6.945824373206568,1.11755773000403,single-cylinder,inline-4
-SeKgSHpQHs_4_14.wav,V8,V8,30.94136619567871,23.17665942509969,6.708602551096194,1.1574253671221375,single-cylinder,inline-4
-SeKgSHpQHs_4_14.wav,V8,inline-4,20.628490447998047,23.43920473825364,8.880166602734468,-0.31651594119755483,single-cylinder,inline-4
-SeKgSHpQHs_4_14.wav,V8,inline-6,20.882381439208984,20.60273892538888,7.91271078312986,0.035340924429629106,single-cylinder,inline-4
-SeKgSHpQHs_4_14.wav,V8,single-cylinder,20.763038635253906,22.89808008147449,5.402642194283292,-0.39518468361272174,single-cylinder,inline-4
0f0sx422m4Y_15_25.wav,V6,V6,59.17521667480469,22.18110455964741,6.945824373206568,5.326093797859562,single-cylinder,single-cylinder
0f0sx422m4Y_15_25.wav,V6,V8,56.25947189331055,23.17665942509969,6.708602551096194,4.931401467926444,single-cylinder,single-cylinder
0f0sx422m4Y_15_25.wav,V6,inline-4,61.76942825317383,23.43920473825364,8.880166602734468,4.3163856298728875,single-cylinder,single-cylinder
0f0sx422m4Y_15_25.wav,V6,inline-6,58.41055679321289,20.60273892538888,7.91271078312986,4.778111939644178,single-cylinder,single-cylinder
0f0sx422m4Y_15_25.wav,V6,single-cylinder,41.19186019897461,22.89808008147449,5.402642194283292,3.3860802658479496,single-cylinder,single-cylinder
22GGPMRWSjw_30_40.wav,single-cylinder,V6,25.43094825744629,22.18110455964741,6.945824373206568,0.46788451927104757,V8,V8
22GGPMRWSjw_30_40.wav,single-cylinder,V8,24.367454528808594,23.17665942509969,6.708602551096194,0.17750270561405174,V8,V8
22GGPMRWSjw_30_40.wav,single-cylinder,inline-4,25.695329666137695,23.43920473825364,8.880166602734468,0.25406335588223394,V8,V8
22GGPMRWSjw_30_40.wav,single-cylinder,inline-6,25.893611907958984,20.60273892538888,7.91271078312986,0.6686549183435854,V8,V8
22GGPMRWSjw_30_40.wav,single-cylinder,single-cylinder,26.416343688964844,22.89808008147449,5.402642194283292,0.6512116629180332,V8,V8
-D9DdrYwk7U_10_20.wav,V8,V6,18.416282653808594,22.18110455964741,6.945824373206568,-0.5420266484654535,single-cylinder,single-cylinder
-D9DdrYwk7U_10_20.wav,V8,V8,19.577844619750977,23.17665942509969,6.708602551096194,-0.5364477591179794,single-cylinder,single-cylinder
-D9DdrYwk7U_10_20.wav,V8,inline-4,18.3853759765625,23.43920473825364,8.880166602734468,-0.5691141830756774,single-cylinder,single-cylinder
-D9DdrYwk7U_10_20.wav,V8,inline-6,18.253257751464844,20.60273892538888,7.91271078312986,-0.296924939924912,single-cylinder,single-cylinder
-D9DdrYwk7U_10_20.wav,V8,single-cylinder,17.11084747314453,22.89808008147449,5.402642194283292,-1.0711856162626527,single-cylinder,single-cylinder
0XVLMlGFhJ4_30_40.wav,V6,V6,25.052345275878906,22.18110455964741,6.945824373206568,0.4133765211955651,inline-4,inline-4
0XVLMlGFhJ4_30_40.wav,V6,V8,26.958145141601562,23.17665942509969,6.708602551096194,0.5636771127369847,inline-4,inline-4
0XVLMlGFhJ4_30_40.wav,V6,inline-4,16.02570343017578,23.43920473825364,8.880166602734468,-0.8348380880371119,inline-4,inline-4
0XVLMlGFhJ4_30_40.wav,V6,inline-6,20.365175247192383,20.60273892538888,7.91271078312986,-0.030023045793988932,inline-4,inline-4
0XVLMlGFhJ4_30_40.wav,V6,single-cylinder,32.064056396484375,22.89808008147449,5.402642194283292,1.6965728962596667,inline-4,inline-4
-ig5Dxl_BNA_17_27.wav,V6,V6,19.923189163208008,22.18110455964741,6.945824373206568,-0.3250752214739667,single-cylinder,single-cylinder
-ig5Dxl_BNA_17_27.wav,V6,V8,20.61726188659668,23.17665942509969,6.708602551096194,-0.3815097882173391,single-cylinder,single-cylinder
-ig5Dxl_BNA_17_27.wav,V6,inline-4,18.44823455810547,23.43920473825364,8.880166602734468,-0.5620356467874491,single-cylinder,single-cylinder
-ig5Dxl_BNA_17_27.wav,V6,inline-6,18.880590438842773,20.60273892538888,7.91271078312986,-0.21764329996968676,single-cylinder,single-cylinder
-ig5Dxl_BNA_17_27.wav,V6,single-cylinder,18.050586700439453,22.89808008147449,5.402642194283292,-0.8972449417739201,single-cylinder,single-cylinder
1krm09AGVfg_30_40.wav,V8,V6,24.868022918701172,22.18110455964741,6.945824373206568,0.3868393749514482,single-cylinder,single-cylinder
1krm09AGVfg_30_40.wav,V8,V8,25.74527931213379,23.17665942509969,6.708602551096194,0.3828844930773822,single-cylinder,single-cylinder
1krm09AGVfg_30_40.wav,V8,inline-4,27.368436813354492,23.43920473825364,8.880166602734468,0.4424727880545535,single-cylinder,single-cylinder
1krm09AGVfg_30_40.wav,V8,inline-6,27.53264617919922,20.60273892538888,7.91271078312986,0.8757943318976236,single-cylinder,single-cylinder
1krm09AGVfg_30_40.wav,V8,single-cylinder,23.158231735229492,22.89808008147449,5.402642194283292,0.04815267130410327,single-cylinder,single-cylinder
-IKAEFwWwY8_2_12.wav,inline-4,V6,15.074024200439453,22.18110455964741,6.945824373206568,-1.0232162486894185,single-cylinder,V6
-IKAEFwWwY8_2_12.wav,inline-4,V8,16.1538143157959,23.17665942509969,6.708602551096194,-1.0468417313164944,single-cylinder,V6
-IKAEFwWwY8_2_12.wav,inline-4,inline-4,15.10684871673584,23.43920473825364,8.880166602734468,-0.9383107766189904,single-cylinder,V6
-IKAEFwWwY8_2_12.wav,inline-4,inline-6,16.60897445678711,20.60273892538888,7.91271078312986,-0.5047277194961552,single-cylinder,V6
-IKAEFwWwY8_2_12.wav,inline-4,single-cylinder,16.62792205810547,22.89808008147449,5.402642194283292,-1.1605725120948551,single-cylinder,V6
1NvrXYKbYMs_10_20.wav,V8,V6,36.94126892089844,22.18110455964741,6.945824373206568,2.1250414015920387,inline-4,inline-6
1NvrXYKbYMs_10_20.wav,V8,V8,39.27323913574219,23.17665942509969,6.708602551096194,2.399393851110213,inline-4,inline-6
1NvrXYKbYMs_10_20.wav,V8,inline-4,26.212190628051758,23.43920473825364,8.880166602734468,0.31226732716300987,inline-4,inline-6
1NvrXYKbYMs_10_20.wav,V8,inline-6,23.24925422668457,20.60273892538888,7.91271078312986,0.3344637980372214,inline-4,inline-6
1NvrXYKbYMs_10_20.wav,V8,single-cylinder,28.178789138793945,22.89808008147449,5.402642194283292,0.9774308324373475,inline-4,inline-6
00PAu_6Xpog_18_28.wav,V8,V6,20.450122833251953,22.18110455964741,6.945824373206568,-0.24921184777903346,V8,inline-4
00PAu_6Xpog_18_28.wav,V8,V8,19.295236587524414,23.17665942509969,6.708602551096194,-0.5785739739405259,V8,inline-4
00PAu_6Xpog_18_28.wav,V8,inline-4,18.56585693359375,23.43920473825364,8.880166602734468,-0.5487901322886488,V8,inline-4
00PAu_6Xpog_18_28.wav,V8,inline-6,18.742212295532227,20.60273892538888,7.91271078312986,-0.23513138301773312,V8,inline-4
00PAu_6Xpog_18_28.wav,V8,single-cylinder,20.64390754699707,22.89808008147449,5.402642194283292,-0.4172352070367775,V8,inline-4
1Nub-HhoX7w_20_30.wav,single-cylinder,V6,20.900352478027344,22.18110455964741,6.945824373206568,-0.18439165933428298,V8,V8
1Nub-HhoX7w_20_30.wav,single-cylinder,V8,16.183856964111328,23.17665942509969,6.708602551096194,-1.0423635038337051,V8,V8
1Nub-HhoX7w_20_30.wav,single-cylinder,inline-4,18.6551513671875,23.43920473825364,8.880166602734468,-0.5387346414866797,V8,V8
1Nub-HhoX7w_20_30.wav,single-cylinder,inline-6,16.51664161682129,20.60273892538888,7.91271078312986,-0.5163966459230729,V8,V8
1Nub-HhoX7w_20_30.wav,single-cylinder,single-cylinder,17.57227897644043,22.89808008147449,5.402642194283292,-0.9857771278411627,V8,V8
2CtUT6wDuWM_23_33.wav,V8,V6,21.557382583618164,22.18110455964741,6.945824373206568,-0.08979812078682044,V8,inline-6
2CtUT6wDuWM_23_33.wav,V8,V8,20.873947143554688,23.17665942509969,6.708602551096194,-0.34324768295727043,V8,inline-6
2CtUT6wDuWM_23_33.wav,V8,inline-4,21.10036277770996,23.43920473825364,8.880166602734468,-0.2633781622772122,V8,inline-6
2CtUT6wDuWM_23_33.wav,V8,inline-6,20.589675903320312,20.60273892538888,7.91271078312986,-0.0016508908800785301,V8,inline-6
2CtUT6wDuWM_23_33.wav,V8,single-cylinder,23.094850540161133,22.89808008147449,5.402642194283292,0.03642115313408175,V8,inline-6
1hOz9e9JAQA_30_40.wav,inline-6,V6,12.809457778930664,22.18110455964741,6.945824373206568,-1.3492490274974065,V8,inline-4
1hOz9e9JAQA_30_40.wav,inline-6,V8,13.110119819641113,23.17665942509969,6.708602551096194,-1.5005419577008166,V8,inline-4
1hOz9e9JAQA_30_40.wav,inline-6,inline-4,11.718441009521484,23.43920473825364,8.880166602734468,-1.319881062267794,V8,inline-4
1hOz9e9JAQA_30_40.wav,inline-6,inline-6,12.612964630126953,20.60273892538888,7.91271078312986,-1.0097392049632812,V8,inline-4
1hOz9e9JAQA_30_40.wav,inline-6,single-cylinder,15.654961585998535,22.89808008147449,5.402642194283292,-1.3406622602437246,V8,inline-4
4GC91o3fN-Y_30_40.wav,V8,V6,38.68067932128906,22.18110455964741,6.945824373206568,2.375466737294505,inline-4,inline-4
4GC91o3fN-Y_30_40.wav,V8,V8,38.51300811767578,23.17665942509969,6.708602551096194,2.2860720359816384,inline-4,inline-4
4GC91o3fN-Y_30_40.wav,V8,inline-4,37.62285614013672,23.43920473825364,8.880166602734468,1.5972280742475609,inline-4,inline-4
4GC91o3fN-Y_30_40.wav,V8,inline-6,37.66343688964844,20.60273892538888,7.91271078312986,2.1561129215835213,inline-4,inline-4
4GC91o3fN-Y_30_40.wav,V8,single-cylinder,38.10365676879883,22.89808008147449,5.402642194283292,2.814470427712915,inline-4,inline-4
4ApqpMSnxt8_22_32.wav,single-cylinder,V6,15.37267017364502,22.18110455964741,6.945824373206568,-0.980219772366523,single-cylinder,inline-6
4ApqpMSnxt8_22_32.wav,single-cylinder,V8,16.523263931274414,23.17665942509969,6.708602551096194,-0.9917707068125688,single-cylinder,inline-6
4ApqpMSnxt8_22_32.wav,single-cylinder,inline-4,15.927056312561035,23.43920473825364,8.880166602734468,-0.8459467892617454,single-cylinder,inline-6
4ApqpMSnxt8_22_32.wav,single-cylinder,inline-6,14.940656661987305,20.60273892538888,7.91271078312986,-0.7155679537123115,single-cylinder,inline-6
4ApqpMSnxt8_22_32.wav,single-cylinder,single-cylinder,15.079564094543457,22.89808008147449,5.402642194283292,-1.4471652398532062,single-cylinder,inline-6
0eOl6yag6R4_6_16.wav,single-cylinder,V6,18.123647689819336,22.18110455964741,6.945824373206568,-0.584157711427266,inline-4,inline-4
0eOl6yag6R4_6_16.wav,single-cylinder,V8,18.562301635742188,23.17665942509969,6.708602551096194,-0.6878269735331853,inline-4,inline-4
0eOl6yag6R4_6_16.wav,single-cylinder,inline-4,16.59345817565918,23.43920473825364,8.880166602734468,-0.7709029423486774,inline-4,inline-4
0eOl6yag6R4_6_16.wav,single-cylinder,inline-6,18.017292022705078,20.60273892538888,7.91271078312986,-0.3267460385631753,inline-4,inline-4
0eOl6yag6R4_6_16.wav,single-cylinder,single-cylinder,19.62554359436035,22.89808008147449,5.402642194283292,-0.605728895127816,inline-4,inline-4
3yDrgjC7WR0_12_22.wav,inline-6,V6,26.486093521118164,22.18110455964741,6.945824373206568,0.6197952510975079,V8,V8
3yDrgjC7WR0_12_22.wav,inline-6,V8,24.070343017578125,23.17665942509969,6.708602551096194,0.13321456826092737,V8,V8
3yDrgjC7WR0_12_22.wav,inline-6,inline-4,27.930368423461914,23.43920473825364,8.880166602734468,0.5057521875575297,V8,V8
3yDrgjC7WR0_12_22.wav,inline-6,inline-6,28.116140365600586,20.60273892538888,7.91271078312986,0.949535708575436,V8,V8
3yDrgjC7WR0_12_22.wav,inline-6,single-cylinder,30.19194221496582,22.89808008147449,5.402642194283292,1.3500546346025282,V8,V8
23rse_r1kyQ_20_30.wav,inline-4,V6,19.255102157592773,22.18110455964741,6.945824373206568,-0.4212606373034213,V8,V6
23rse_r1kyQ_20_30.wav,inline-4,V8,19.391061782836914,23.17665942509969,6.708602551096194,-0.5642900460162458,V8,V6
23rse_r1kyQ_20_30.wav,inline-4,inline-4,21.037555694580078,23.43920473825364,8.880166602734468,-0.2704508993034007,V8,V6
23rse_r1kyQ_20_30.wav,inline-4,inline-6,24.492469787597656,20.60273892538888,7.91271078312986,0.49158006261290377,V8,V6
23rse_r1kyQ_20_30.wav,inline-4,single-cylinder,22.08401870727539,22.89808008147449,5.402642194283292,-0.15067838011935777,V8,V6
1Ki18dfU3Xs_0_10.wav,V6,V6,27.10624122619629,22.18110455964741,6.945824373206568,0.709078779121962,inline-4,inline-4
1Ki18dfU3Xs_0_10.wav,V6,V8,26.973045349121094,23.17665942509969,6.708602551096194,0.5658981725487776,inline-4,inline-4
1Ki18dfU3Xs_0_10.wav,V6,inline-4,23.64591407775879,23.43920473825364,8.880166602734468,0.02327764204801038,inline-4,inline-4
1Ki18dfU3Xs_0_10.wav,V6,inline-6,26.656309127807617,20.60273892538888,7.91271078312986,0.7650437844038395,inline-4,inline-4
1Ki18dfU3Xs_0_10.wav,V6,single-cylinder,28.259042739868164,22.89808008147449,5.402642194283292,0.9922853421731833,inline-4,inline-4
0fC1YhLcxwU_10_20.wav,V8,V6,15.760448455810547,22.18110455964741,6.945824373206568,-0.9243907934966602,single-cylinder,V6
0fC1YhLcxwU_10_20.wav,V8,V8,16.191627502441406,23.17665942509969,6.708602551096194,-1.0412052092006732,single-cylinder,V6
0fC1YhLcxwU_10_20.wav,V8,inline-4,15.873552322387695,23.43920473825364,8.880166602734468,-0.8519719003398264,single-cylinder,V6
0fC1YhLcxwU_10_20.wav,V8,inline-6,16.184925079345703,20.60273892538888,7.91271078312986,-0.5583186302552712,single-cylinder,V6
0fC1YhLcxwU_10_20.wav,V8,single-cylinder,15.853995323181152,22.89808008147449,5.402642194283292,-1.3038221864381299,single-cylinder,V6
0tnbGdeER9Y_20_30.wav,inline-4,V6,21.915754318237305,22.18110455964741,6.945824373206568,-0.03820284348589195,inline-4,inline-6
0tnbGdeER9Y_20_30.wav,inline-4,V8,19.8654842376709,23.17665942509969,6.708602551096194,-0.49357152435386725,inline-4,inline-6
0tnbGdeER9Y_20_30.wav,inline-4,inline-4,18.450180053710938,23.43920473825364,8.880166602734468,-0.5618165635548361,inline-4,inline-6
0tnbGdeER9Y_20_30.wav,inline-4,inline-6,18.36539649963379,20.60273892538888,7.91271078312986,-0.2827529638167963,inline-4,inline-6
0tnbGdeER9Y_20_30.wav,inline-4,single-cylinder,20.045034408569336,22.89808008147449,5.402642194283292,-0.5280834025847672,inline-4,inline-6
1OulOUPg7-8_3_13.wav,single-cylinder,V6,28.93077278137207,22.18110455964741,6.945824373206568,0.9717591259234,inline-4,inline-4
1OulOUPg7-8_3_13.wav,single-cylinder,V8,28.47342872619629,23.17665942509969,6.708602551096194,0.7895488308859645,inline-4,inline-4
1OulOUPg7-8_3_13.wav,single-cylinder,inline-4,27.558677673339844,23.43920473825364,8.880166602734468,0.46389590639185707,inline-4,inline-4
1OulOUPg7-8_3_13.wav,single-cylinder,inline-6,28.38597869873047,20.60273892538888,7.91271078312986,0.9836375910434755,inline-4,inline-4
1OulOUPg7-8_3_13.wav,single-cylinder,single-cylinder,29.233856201171875,22.89808008147449,5.402642194283292,1.1727180686519407,inline-4,inline-4
2Hd_hZG7q1g_30_40.wav,V8,V6,21.395723342895508,22.18110455964741,6.945824373206568,-0.1130724266195816,V8,V8
2Hd_hZG7q1g_30_40.wav,V8,V8,15.72140884399414,23.17665942509969,6.708602551096194,-1.1112971031332526,V8,V8
2Hd_hZG7q1g_30_40.wav,V8,inline-4,18.70438575744629,23.43920473825364,8.880166602734468,-0.533190332189191,V8,V8
2Hd_hZG7q1g_30_40.wav,V8,inline-6,23.759061813354492,20.60273892538888,7.91271078312986,0.3988927403608619,V8,V8
2Hd_hZG7q1g_30_40.wav,V8,single-cylinder,20.59012222290039,22.89808008147449,5.402642194283292,-0.4271905811227371,V8,V8
-XQpiO0WKXI_30_40.wav,inline-6,V6,36.63380432128906,22.18110455964741,6.945824373206568,2.0807752953548273,inline-4,inline-6
-XQpiO0WKXI_30_40.wav,inline-6,V8,36.04185485839844,23.17665942509969,6.708602551096194,1.9177161465910002,inline-4,inline-6
-XQpiO0WKXI_30_40.wav,inline-6,inline-4,34.05714416503906,23.43920473825364,8.880166602734468,1.1956914663645886,inline-4,inline-6
-XQpiO0WKXI_30_40.wav,inline-6,inline-6,31.891252517700195,20.60273892538888,7.91271078312986,1.4266303801193858,inline-4,inline-6
-XQpiO0WKXI_30_40.wav,inline-6,single-cylinder,33.96621322631836,22.89808008147449,5.402642194283292,2.048651890468596,inline-4,inline-6
1sAdC4A1dHM_2_12.wav,inline-6,V6,22.419218063354492,22.18110455964741,6.945824373206568,0.03428153245935836,V8,V8
1sAdC4A1dHM_2_12.wav,inline-6,V8,22.109458923339844,23.17665942509969,6.708602551096194,-0.15907940493291914,V8,V8
1sAdC4A1dHM_2_12.wav,inline-6,inline-4,25.106918334960938,23.43920473825364,8.880166602734468,0.1878020617534089,V8,V8
1sAdC4A1dHM_2_12.wav,inline-6,inline-6,26.569149017333984,20.60273892538888,7.91271078312986,0.7540285820462024,V8,V8
1sAdC4A1dHM_2_12.wav,inline-6,single-cylinder,30.75710105895996,22.89808008147449,5.402642194283292,1.4546624956583933,V8,V8
-aDCGqtwmp4_30_40.wav,V8,V6,31.66259765625,22.18110455964741,6.945824373206568,1.3650637544446609,V8,V8
-aDCGqtwmp4_30_40.wav,V8,V8,29.18776512145996,23.17665942509969,6.708602551096194,0.8960294861078107,V8,V8
-aDCGqtwmp4_30_40.wav,V8,inline-4,33.956695556640625,23.43920473825364,8.880166602734468,1.184379898362305,V8,V8
-aDCGqtwmp4_30_40.wav,V8,inline-6,34.278770446777344,20.60273892538888,7.91271078312986,1.7283623648353454,V8,V8
-aDCGqtwmp4_30_40.wav,V8,single-cylinder,30.892757415771484,22.89808008147449,5.402642194283292,1.4797717573739047,V8,V8
1xhMLMD3_Rw_30_40.wav,inline-4,V6,24.770904541015625,22.18110455964741,6.945824373206568,0.37285710697758756,inline-4,V6
1xhMLMD3_Rw_30_40.wav,inline-4,V8,26.903640747070312,23.17665942509969,6.708602551096194,0.5555525601023464,inline-4,V6
1xhMLMD3_Rw_30_40.wav,inline-4,inline-4,25.51584815979004,23.43920473825364,8.880166602734468,0.23385185373627326,inline-4,V6
1xhMLMD3_Rw_30_40.wav,inline-4,inline-6,26.105735778808594,20.60273892538888,7.91271078312986,0.6954629082554451,inline-4,V6
1xhMLMD3_Rw_30_40.wav,inline-4,single-cylinder,28.698448181152344,22.89808008147449,5.402642194283292,1.0736169250326089,inline-4,V6
1PjxXh6-3GM_19_29.wav,inline-4,V6,24.67157745361328,22.18110455964741,6.945824373206568,0.3585568479924199,single-cylinder,single-cylinder
1PjxXh6-3GM_19_29.wav,inline-4,V8,26.16316795349121,23.17665942509969,6.708602551096194,0.44517595216659867,single-cylinder,single-cylinder
1PjxXh6-3GM_19_29.wav,inline-4,inline-4,25.189743041992188,23.43920473825364,8.880166602734468,0.19712899341319845,single-cylinder,single-cylinder
1PjxXh6-3GM_19_29.wav,inline-4,inline-6,25.37027931213379,20.60273892538888,7.91271078312986,0.6025166997016306,single-cylinder,single-cylinder
1PjxXh6-3GM_19_29.wav,inline-4,single-cylinder,22.54671859741211,22.89808008147449,5.402642194283292,-0.06503512011847963,single-cylinder,single-cylinder
2IujTXI0Vic_24_34.wav,single-cylinder,V6,27.923938751220703,22.18110455964741,6.945824373206568,0.826803829611098,single-cylinder,single-cylinder
2IujTXI0Vic_24_34.wav,single-cylinder,V8,24.14189910888672,23.17665942509969,6.708602551096194,0.14388088673241012,single-cylinder,single-cylinder
2IujTXI0Vic_24_34.wav,single-cylinder,inline-4,27.777610778808594,23.43920473825364,8.880166602734468,0.48855007283523594,single-cylinder,single-cylinder
2IujTXI0Vic_24_34.wav,single-cylinder,inline-6,30.448137283325195,20.60273892538888,7.91271078312986,1.2442510067380452,single-cylinder,single-cylinder
2IujTXI0Vic_24_34.wav,single-cylinder,single-cylinder,20.718555450439453,22.89808008147449,5.402642194283292,-0.40341828176984607,single-cylinder,single-cylinder
2C9E3bkphLk_7_17.wav,inline-6,V6,18.769798278808594,22.18110455964741,6.945824373206568,-0.4911305120235817,V8,V8
2C9E3bkphLk_7_17.wav,inline-6,V8,16.914287567138672,23.17665942509969,6.708602551096194,-0.9334838083287164,V8,V8
2C9E3bkphLk_7_17.wav,inline-6,inline-4,20.827728271484375,23.43920473825364,8.880166602734468,-0.29407967030315774,V8,V8
2C9E3bkphLk_7_17.wav,inline-6,inline-6,21.44565773010254,20.60273892538888,7.91271078312986,0.1065271849074513,V8,V8
2C9E3bkphLk_7_17.wav,inline-6,single-cylinder,22.256385803222656,22.89808008147449,5.402642194283292,-0.1187741581204157,V8,V8
0nVK517qUfY_30_40.wav,V8,V6,20.57794952392578,22.18110455964741,6.945824373206568,-0.2308084612541858,single-cylinder,V6
0nVK517qUfY_30_40.wav,V8,V8,22.090295791625977,23.17665942509969,6.708602551096194,-0.16193590620392317,single-cylinder,V6
0nVK517qUfY_30_40.wav,V8,inline-4,21.09987449645996,23.43920473825364,8.880166602734468,-0.2634331478728484,single-cylinder,V6
0nVK517qUfY_30_40.wav,V8,inline-6,22.717336654663086,20.60273892538888,7.91271078312986,0.2672406192050633,single-cylinder,V6
0nVK517qUfY_30_40.wav,V8,single-cylinder,20.93088722229004,22.89808008147449,5.402642194283292,-0.36411681330035145,single-cylinder,V6
4CZ6vWHPVr0_30_40.wav,inline-4,V6,18.280752182006836,22.18110455964741,6.945824373206568,-0.5615391590789618,V6,V6
4CZ6vWHPVr0_30_40.wav,inline-4,V8,19.862239837646484,23.17665942509969,6.708602551096194,-0.49405514221611246,V6,V6
4CZ6vWHPVr0_30_40.wav,inline-4,inline-4,19.94440269470215,23.43920473825364,8.880166602734468,-0.3935514050463127,V6,V6
4CZ6vWHPVr0_30_40.wav,inline-4,inline-6,21.104942321777344,20.60273892538888,7.91271078312986,0.06346793281755932,V6,V6
4CZ6vWHPVr0_30_40.wav,inline-4,single-cylinder,22.23255157470703,22.89808008147449,5.402642194283292,-0.12318574557309668,V6,V6
4uvzX9zT1sM_16_26.wav,single-cylinder,V6,30.539310455322266,22.18110455964741,6.945824373206568,1.2033425330931968,single-cylinder,single-cylinder
4uvzX9zT1sM_16_26.wav,single-cylinder,V8,33.67311096191406,23.17665942509969,6.708602551096194,1.5646256365417324,single-cylinder,single-cylinder
4uvzX9zT1sM_16_26.wav,single-cylinder,inline-4,33.82626724243164,23.43920473825364,8.880166602734468,1.1696923007029525,single-cylinder,single-cylinder
4uvzX9zT1sM_16_26.wav,single-cylinder,inline-6,32.25181579589844,20.60273892538888,7.91271078312986,1.472197984961834,single-cylinder,single-cylinder
4uvzX9zT1sM_16_26.wav,single-cylinder,single-cylinder,27.453224182128906,22.89808008147449,5.402642194283292,0.8431326630281679,single-cylinder,single-cylinder
4uce6jNWxOE_3_13.wav,inline-6,V6,21.988441467285156,22.18110455964741,6.945824373206568,-0.0277379734946147,V8,V6
4uce6jNWxOE_3_13.wav,inline-6,V8,22.90813446044922,23.17665942509969,6.708602551096194,-0.040026959803512806,V8,V6
4uce6jNWxOE_3_13.wav,inline-6,inline-4,23.477811813354492,23.43920473825364,8.880166602734468,0.0043475620253525665,V8,V6
4uce6jNWxOE_3_13.wav,inline-6,inline-6,23.872180938720703,20.60273892538888,7.91271078312986,0.41318861549980723,V8,V6
4uce6jNWxOE_3_13.wav,inline-6,single-cylinder,27.918298721313477,22.89808008147449,5.402642194283292,0.9292154577904568,V8,V6
-o5bunA7WrE_13_23.wav,V6,V6,34.77651596069336,22.18110455964741,6.945824373206568,1.8133789056965788,single-cylinder,single-cylinder
-o5bunA7WrE_13_23.wav,V6,V8,32.91242218017578,23.17665942509969,6.708602551096194,1.4512355860886788,single-cylinder,single-cylinder
-o5bunA7WrE_13_23.wav,V6,inline-4,33.20301818847656,23.43920473825364,8.880166602734468,1.0995079131979746,single-cylinder,single-cylinder
-o5bunA7WrE_13_23.wav,V6,inline-6,27.788063049316406,20.60273892538888,7.91271078312986,0.908073645159236,single-cylinder,single-cylinder
-o5bunA7WrE_13_23.wav,V6,single-cylinder,21.66448211669922,22.89808008147449,5.402642194283292,-0.2283323456216627,single-cylinder,single-cylinder
0sAtwaNRb-M_19_29.wav,inline-4,V6,17.599477767944336,22.18110455964741,6.945824373206568,-0.6596231844526104,V6,V6
0sAtwaNRb-M_19_29.wav,inline-4,V8,21.001798629760742,23.17665942509969,6.708602551096194,-0.3241898411441251,V6,V6
0sAtwaNRb-M_19_29.wav,inline-4,inline-4,20.927541732788086,23.43920473825364,8.880166602734468,-0.28283962653269795,V6,V6
0sAtwaNRb-M_19_29.wav,inline-4,inline-6,21.74012565612793,20.60273892538888,7.91271078312986,0.1437417292142147,V6,V6
0sAtwaNRb-M_19_29.wav,inline-4,single-cylinder,23.100008010864258,22.89808008147449,5.402642194283292,0.03737577321027008,V6,V6
1LyfGGAQJVM_24_34.wav,inline-6,V6,41.78905487060547,22.18110455964741,6.945824373206568,2.822983890378151,inline-4,V6
1LyfGGAQJVM_24_34.wav,inline-6,V8,44.92640686035156,23.17665942509969,6.708602551096194,3.242068265274999,inline-4,V6
1LyfGGAQJVM_24_34.wav,inline-6,inline-4,43.10884475708008,23.43920473825364,8.880166602734468,2.215007994643881,inline-4,V6
1LyfGGAQJVM_24_34.wav,inline-6,inline-6,45.261390686035156,20.60273892538888,7.91271078312986,3.1163342672929826,inline-4,V6
1LyfGGAQJVM_24_34.wav,inline-6,single-cylinder,42.73849105834961,22.89808008147449,5.402642194283292,3.6723533159143673,inline-4,V6
1wXyarewk3I_20_30.wav,inline-6,V6,22.266931533813477,22.18110455964741,6.945824373206568,0.012356628897376713,V8,V8
1wXyarewk3I_20_30.wav,inline-6,V8,21.40941047668457,23.17665942509969,6.708602551096194,-0.26343026508946316,V8,V8
1wXyarewk3I_20_30.wav,inline-6,inline-4,22.200641632080078,23.43920473825364,8.880166602734468,-0.13947521049798448,V8,V8
1wXyarewk3I_20_30.wav,inline-6,inline-6,23.67976951599121,20.60273892538888,7.91271078312986,0.38887186388293793,V8,V8
1wXyarewk3I_20_30.wav,inline-6,single-cylinder,24.239999771118164,22.89808008147449,5.402642194283292,0.24838211404479138,V8,V8
-G3JJn9fYlQ_29_39.wav,inline-6,V6,32.315940856933594,22.18110455964741,6.945824373206568,1.4591264841623683,inline-4,inline-6
-G3JJn9fYlQ_29_39.wav,inline-6,V8,30.508121490478516,23.17665942509969,6.708602551096194,1.0928448972105012,inline-4,inline-6
-G3JJn9fYlQ_29_39.wav,inline-6,inline-4,28.623207092285156,23.43920473825364,8.880166602734468,0.5837730963780801,inline-4,inline-6
-G3JJn9fYlQ_29_39.wav,inline-6,inline-6,27.879011154174805,20.60273892538888,7.91271078312986,0.9195675702313242,inline-4,inline-6
-G3JJn9fYlQ_29_39.wav,inline-6,single-cylinder,30.19896697998047,22.89808008147449,5.402642194283292,1.351354880808372,inline-4,inline-6
1MxLu5GVvq4_14_24.wav,V6,V6,13.497417449951172,22.18110455964741,6.945824373206568,-1.250202516377099,V6,inline-6
1MxLu5GVvq4_14_24.wav,V6,V8,15.560309410095215,23.17665942509969,6.708602551096194,-1.1353109618574666,V6,inline-6
1MxLu5GVvq4_14_24.wav,V6,inline-4,14.50674819946289,23.43920473825364,8.880166602734468,-1.0058883958370983,V6,inline-6
1MxLu5GVvq4_14_24.wav,V6,inline-6,13.482120513916016,20.60273892538888,7.91271078312986,-0.8998962058178899,V6,inline-6
1MxLu5GVvq4_14_24.wav,V6,single-cylinder,20.611440658569336,22.89808008147449,5.402642194283292,-0.42324465338917316,V6,inline-6
0ftUishODRM_30_40.wav,inline-6,V6,29.028860092163086,22.18110455964741,6.945824373206568,0.9858808925447079,inline-6,inline-6
0ftUishODRM_30_40.wav,inline-6,V8,29.34538459777832,23.17665942509969,6.708602551096194,0.9195246142090581,inline-6,inline-6
0ftUishODRM_30_40.wav,inline-6,inline-4,19.66370964050293,23.43920473825364,8.880166602734468,-0.42516039018773844,inline-6,inline-6
0ftUishODRM_30_40.wav,inline-6,inline-6,17.17366600036621,20.60273892538888,7.91271078312986,-0.43336260088433376,inline-6,inline-6
0ftUishODRM_30_40.wav,inline-6,single-cylinder,25.321521759033203,22.89808008147449,5.402642194283292,0.44856601462947787,inline-6,inline-6
4PPRE4teQwc_26_36.wav,inline-4,V6,32.511329650878906,22.18110455964741,6.945824373206568,1.4872568807066608,V8,single-cylinder
4PPRE4teQwc_26_36.wav,inline-4,V8,31.490617752075195,23.17665942509969,6.708602551096194,1.239298089826024,V8,single-cylinder
4PPRE4teQwc_26_36.wav,inline-4,inline-4,37.38957595825195,23.43920473825364,8.880166602734468,1.5709582763574028,V8,single-cylinder
4PPRE4teQwc_26_36.wav,inline-4,inline-6,34.54107666015625,20.60273892538888,7.91271078312986,1.7615123459945394,V8,single-cylinder
4PPRE4teQwc_26_36.wav,inline-4,single-cylinder,31.289268493652344,22.89808008147449,5.402642194283292,1.5531638243703865,V8,single-cylinder
4M5pY9cI56I_30_40.wav,inline-4,V6,25.63380241394043,22.18110455964741,6.945824373206568,0.4970897144494123,V8,V6
4M5pY9cI56I_30_40.wav,inline-4,V8,26.167171478271484,23.17665942509969,6.708602551096194,0.4457727269419383,V8,V6
4M5pY9cI56I_30_40.wav,inline-4,inline-4,27.72888946533203,23.43920473825364,8.880166602734468,0.4830635413706619,V8,V6
4M5pY9cI56I_30_40.wav,inline-4,inline-6,28.655311584472656,20.60273892538888,7.91271078312986,1.017675595606515,V8,V6
4M5pY9cI56I_30_40.wav,inline-4,single-cylinder,33.186824798583984,22.89808008147449,5.402642194283292,1.9043912861740768,V8,V6
0vqER9OHzbY_0_10.wav,single-cylinder,V6,36.60096740722656,22.18110455964741,6.945824373206568,2.076047719145275,inline-6,inline-6
0vqER9OHzbY_0_10.wav,single-cylinder,V8,40.68507766723633,23.17665942509969,6.708602551096194,2.6098458074961886,inline-6,inline-6
0vqER9OHzbY_0_10.wav,single-cylinder,inline-4,28.882301330566406,23.43920473825364,8.880166602734468,0.6129498280625361,inline-6,inline-6
0vqER9OHzbY_0_10.wav,single-cylinder,inline-6,21.217185974121094,20.60273892538888,7.91271078312986,0.07765316660407112,inline-6,inline-6
0vqER9OHzbY_0_10.wav,single-cylinder,single-cylinder,33.81446838378906,22.89808008147449,5.402642194283292,2.0205647366145314,inline-6,inline-6
-GUxKaSGwHc_10_20.wav,V8,V6,19.446483612060547,22.18110455964741,6.945824373206568,-0.39370718299985075,V8,V8
-GUxKaSGwHc_10_20.wav,V8,V8,19.363235473632812,23.17665942509969,6.708602551096194,-0.5684379008030158,V8,V8
-GUxKaSGwHc_10_20.wav,V8,inline-4,21.36200714111328,23.43920473825364,8.880166602734468,-0.23391425972804694,V8,V8
-GUxKaSGwHc_10_20.wav,V8,inline-6,21.85232925415039,20.60273892538888,7.91271078312986,0.15792190097806613,V8,V8
-GUxKaSGwHc_10_20.wav,V8,single-cylinder,22.267948150634766,22.89808008147449,5.402642194283292,-0.11663402982831006,V8,V8
474QDF2iZV0_10_20.wav,V6,V6,17.944917678833008,22.18110455964741,6.945824373206568,-0.6098897198085572,single-cylinder,inline-4
474QDF2iZV0_10_20.wav,V6,V8,18.939077377319336,23.17665942509969,6.708602551096194,-0.6316638995237431,single-cylinder,inline-4
474QDF2iZV0_10_20.wav,V6,inline-4,16.44572639465332,23.43920473825364,8.880166602734468,-0.7875390920533878,single-cylinder,inline-4
474QDF2iZV0_10_20.wav,V6,inline-6,18.321969985961914,20.60273892538888,7.91271078312986,-0.2882411605754169,single-cylinder,inline-4
474QDF2iZV0_10_20.wav,V6,single-cylinder,17.07689666748047,22.89808008147449,5.402642194283292,-1.077469727710934,single-cylinder,inline-4
-bVAV1p3gzQ_30_40.wav,inline-4,V6,18.865737915039062,22.18110455964741,6.945824373206568,-0.47731794909720615,V8,V6
-bVAV1p3gzQ_30_40.wav,inline-4,V8,19.49781036376953,23.17665942509969,6.708602551096194,-0.5483778526615845,V8,V6
-bVAV1p3gzQ_30_40.wav,inline-4,inline-4,20.61296844482422,23.43920473825364,8.880166602734468,-0.3182638817338335,V8,V6
-bVAV1p3gzQ_30_40.wav,inline-4,inline-6,20.80913543701172,20.60273892538888,7.91271078312986,0.0260841723247211,V8,V6
-bVAV1p3gzQ_30_40.wav,inline-4,single-cylinder,23.335355758666992,22.89808008147449,5.402642194283292,0.0809373749857427,V8,V6
2D17MQOjKwA_30_40.wav,V6,V6,13.626529693603516,22.18110455964741,6.945824373206568,-1.2316140470011105,single-cylinder,V6
2D17MQOjKwA_30_40.wav,V6,V8,16.65203857421875,23.17665942509969,6.708602551096194,-0.9725752570950574,single-cylinder,V6
2D17MQOjKwA_30_40.wav,V6,inline-4,14.060222625732422,23.43920473825364,8.880166602734468,-1.0561718638964668,single-cylinder,V6
2D17MQOjKwA_30_40.wav,V6,inline-6,13.877802848815918,20.60273892538888,7.91271078312986,-0.8498902918214489,single-cylinder,V6
2D17MQOjKwA_30_40.wav,V6,single-cylinder,15.718212127685547,22.89808008147449,5.402642194283292,-1.32895492531158,single-cylinder,V6
-Xw6zT-Mp4o_30_40.wav,single-cylinder,V6,17.59244155883789,22.18110455964741,6.945824373206568,-0.6606361972684235,single-cylinder,inline-4
-Xw6zT-Mp4o_30_40.wav,single-cylinder,V8,18.147157669067383,23.17665942509969,6.708602551096194,-0.7497093049893796,single-cylinder,inline-4
-Xw6zT-Mp4o_30_40.wav,single-cylinder,inline-4,17.29210662841797,23.43920473825364,8.880166602734468,-0.6922277908550496,single-cylinder,inline-4
-Xw6zT-Mp4o_30_40.wav,single-cylinder,inline-6,18.40721321105957,20.60273892538888,7.91271078312986,-0.27746821215938255,single-cylinder,inline-4
-Xw6zT-Mp4o_30_40.wav,single-cylinder,single-cylinder,18.70903205871582,22.89808008147449,5.402642194283292,-0.7753702488740111,single-cylinder,inline-4
0uPdfqKETrk_4_14.wav,V8,V6,27.348112106323242,22.18110455964741,6.945824373206568,0.7439012662928106,V8,V8
0uPdfqKETrk_4_14.wav,V8,V8,23.06298828125,23.17665942509969,6.708602551096194,-0.016944086787659757,V8,V8
0uPdfqKETrk_4_14.wav,V8,inline-4,28.62795639038086,23.43920473825364,8.880166602734468,0.5843079172106352,V8,V8
0uPdfqKETrk_4_14.wav,V8,inline-6,32.21385192871094,20.60273892538888,7.91271078312986,1.4674001516746071,V8,V8
0uPdfqKETrk_4_14.wav,V8,single-cylinder,34.94782638549805,22.89808008147449,5.402642194283292,2.2303432044368545,V8,V8
2ejDhClqinY_30_40.wav,inline-6,V6,18.23749542236328,22.18110455964741,6.945824373206568,-0.5677668949558459,inline-4,inline-4
2ejDhClqinY_30_40.wav,inline-6,V8,18.25605583190918,23.17665942509969,6.708602551096194,-0.7334766899235187,inline-4,inline-4
2ejDhClqinY_30_40.wav,inline-6,inline-4,16.776636123657227,23.43920473825364,8.880166602734468,-0.750275182060752,inline-4,inline-4
2ejDhClqinY_30_40.wav,inline-6,inline-6,18.23802947998047,20.60273892538888,7.91271078312986,-0.29884947273064044,inline-4,inline-4
2ejDhClqinY_30_40.wav,inline-6,single-cylinder,21.538230895996094,22.89808008147449,5.402642194283292,-0.25170076725001256,inline-4,inline-4
23eEF1by0BU_25_35.wav,V6,V6,19.1365966796875,22.18110455964741,6.945824373206568,-0.4383220358556805,single-cylinder,V8
23eEF1by0BU_25_35.wav,V6,V8,18.407800674438477,23.17665942509969,6.708602551096194,-0.7108572484864192,single-cylinder,V8
23eEF1by0BU_25_35.wav,V6,inline-4,18.69977378845215,23.43920473825364,8.880166602734468,-0.5337096883229735,single-cylinder,V8
23eEF1by0BU_25_35.wav,V6,inline-6,19.38091278076172,20.60273892538888,7.91271078312986,-0.15441309282175866,single-cylinder,V8
23eEF1by0BU_25_35.wav,V6,single-cylinder,18.894832611083984,22.89808008147449,5.402642194283292,-0.7409795663733699,single-cylinder,V8
0SeZ6CgMOes_7_17.wav,single-cylinder,V6,24.853832244873047,22.18110455964741,6.945824373206568,0.3847963238943461,inline-4,inline-4
0SeZ6CgMOes_7_17.wav,single-cylinder,V8,27.93558120727539,23.17665942509969,6.708602551096194,0.7093760207031622,inline-4,inline-4
0SeZ6CgMOes_7_17.wav,single-cylinder,inline-4,15.17960262298584,23.43920473825364,8.880166602734468,-0.9301179228691974,inline-4,inline-4
0SeZ6CgMOes_7_17.wav,single-cylinder,inline-6,20.764747619628906,20.60273892538888,7.91271078312986,0.02047448702225198,inline-4,inline-4
0SeZ6CgMOes_7_17.wav,single-cylinder,single-cylinder,31.30280876159668,22.89808008147449,5.402642194283292,1.55567005511035,inline-4,inline-4
4ci8PnX4LJ8_24_34.wav,V8,V6,24.152523040771484,22.18110455964741,6.945824373206568,0.28382786192072434,single-cylinder,single-cylinder
4ci8PnX4LJ8_24_34.wav,V8,V8,25.327077865600586,23.17665942509969,6.708602551096194,0.3205464065164384,single-cylinder,single-cylinder
4ci8PnX4LJ8_24_34.wav,V8,inline-4,22.195110321044922,23.43920473825364,8.880166602734468,-0.14009809419855074,single-cylinder,single-cylinder
4ci8PnX4LJ8_24_34.wav,V8,inline-6,22.635414123535156,20.60273892538888,7.91271078312986,0.2568873365724425,single-cylinder,single-cylinder
4ci8PnX4LJ8_24_34.wav,V8,single-cylinder,20.923873901367188,22.89808008147449,5.402642194283292,-0.36541494126638124,single-cylinder,single-cylinder
14MSWz121Gg_30_40.wav,inline-6,V6,29.12729835510254,22.18110455964741,6.945824373206568,1.00005318623517,inline-4,inline-4
14MSWz121Gg_30_40.wav,inline-6,V8,28.05374526977539,23.17665942509969,6.708602551096194,0.7269898324620198,inline-4,inline-4
14MSWz121Gg_30_40.wav,inline-6,inline-4,25.116182327270508,23.43920473825364,8.880166602734468,0.18884528455811592,inline-4,inline-4
14MSWz121Gg_30_40.wav,inline-6,inline-6,26.998992919921875,20.60273892538888,7.91271078312986,0.8083517987501834,inline-4,inline-4
14MSWz121Gg_30_40.wav,inline-6,single-cylinder,31.249446868896484,22.89808008147449,5.402642194283292,1.5457930558975093,inline-4,inline-4
-bE3b6j_Ois_30_40.wav,inline-6,V6,20.910085678100586,22.18110455964741,6.945824373206568,-0.18299035697616578,inline-4,inline-6
-bE3b6j_Ois_30_40.wav,inline-6,V8,20.931554794311523,23.17665942509969,6.708602551096194,-0.33466055168543457,inline-4,inline-6
-bE3b6j_Ois_30_40.wav,inline-6,inline-4,20.285255432128906,23.43920473825364,8.880166602734468,-0.3551678079050385,inline-4,inline-6
-bE3b6j_Ois_30_40.wav,inline-6,inline-6,20.03196144104004,20.60273892538888,7.91271078312986,-0.0721342533542053,inline-4,inline-6
-bE3b6j_Ois_30_40.wav,inline-6,single-cylinder,22.550228118896484,22.89808008147449,5.402642194283292,-0.06438552657551123,inline-4,inline-6
4rs7pa7W60g_30_40.wav,V6,V6,31.30185317993164,22.18110455964741,6.945824373206568,1.3131268702196686,V8,V8
4rs7pa7W60g_30_40.wav,V6,V8,30.98365592956543,23.17665942509969,6.708602551096194,1.1637291738485933,V8,V8
4rs7pa7W60g_30_40.wav,V6,inline-4,33.89836120605469,23.43920473825364,8.880166602734468,1.1778108379836434,V8,V8
4rs7pa7W60g_30_40.wav,V6,inline-6,35.676368713378906,20.60273892538888,7.91271078312986,1.9049893520849344,V8,V8
4rs7pa7W60g_30_40.wav,V6,single-cylinder,36.52415466308594,22.89808008147449,5.402642194283292,2.522113086820673,V8,V8
1hPPwSVRXeM_30_40.wav,inline-4,V6,22.880844116210938,22.18110455964741,6.945824373206568,0.10074247763343476,V6,V6
1hPPwSVRXeM_30_40.wav,inline-4,V8,24.798362731933594,23.17665942509969,6.708602551096194,0.24173489105699306,V6,V6
1hPPwSVRXeM_30_40.wav,inline-4,inline-4,25.02996826171875,23.43920473825364,8.880166602734468,0.1791366755411173,V6,V6
1hPPwSVRXeM_30_40.wav,inline-4,inline-6,25.164608001708984,20.60273892538888,7.91271078312986,0.5765241775354847,V6,V6
1hPPwSVRXeM_30_40.wav,inline-4,single-cylinder,27.11338996887207,22.89808008147449,5.402642194283292,0.7802311787106565,V6,V6
1i3ni_oYbcY_25_35.wav,V8,V6,21.3959903717041,22.18110455964741,6.945824373206568,-0.11303398211044258,V8,V8
1i3ni_oYbcY_25_35.wav,V8,V8,19.997764587402344,23.17665942509969,6.708602551096194,-0.47385350577638713,V8,V8
1i3ni_oYbcY_25_35.wav,V8,inline-4,22.15452003479004,23.43920473825364,8.880166602734468,-0.1446689866232924,V8,V8
1i3ni_oYbcY_25_35.wav,V8,inline-6,23.898317337036133,20.60273892538888,7.91271078312986,0.4164917058100399,V8,V8
1i3ni_oYbcY_25_35.wav,V8,single-cylinder,24.18396759033203,22.89808008147449,5.402642194283292,0.23801085887534443,V8,V8
2IiLWMW9MX0_0_7.wav,inline-4,V6,40.03563690185547,22.18110455964741,6.945824373206568,2.570541865567707,inline-4,inline-6
2IiLWMW9MX0_0_7.wav,inline-4,V8,42.16148376464844,23.17665942509969,6.708602551096194,2.8299223563999334,inline-4,inline-6
2IiLWMW9MX0_0_7.wav,inline-4,inline-4,34.30714416503906,23.43920473825364,8.880166602734468,1.2238440913303203,inline-4,inline-6
2IiLWMW9MX0_0_7.wav,inline-4,inline-6,30.367685317993164,20.60273892538888,7.91271078312986,1.234083572651669,inline-4,inline-6
2IiLWMW9MX0_0_7.wav,inline-4,single-cylinder,41.485923767089844,22.89808008147449,5.402642194283292,3.440509850029259,inline-4,inline-6
0SI1kK93K0E_29_39.wav,inline-4,V6,36.60608673095703,22.18110455964741,6.945824373206568,2.076784755306197,inline-4,inline-4
0SI1kK93K0E_29_39.wav,inline-4,V8,40.28643798828125,23.17665942509969,6.708602551096194,2.550423643801316,inline-4,inline-4
0SI1kK93K0E_29_39.wav,inline-4,inline-4,32.58401107788086,23.43920473825364,8.880166602734468,1.0298012130550864,inline-4,inline-4
0SI1kK93K0E_29_39.wav,inline-4,inline-6,35.53529357910156,20.60273892538888,7.91271078312986,1.8871604261777573,inline-4,inline-4
0SI1kK93K0E_29_39.wav,inline-4,single-cylinder,43.46365737915039,22.89808008147449,5.402642194283292,3.806577699970025,inline-4,inline-4
1bnzy5WFtoE_30_40.wav,single-cylinder,V6,22.04940414428711,22.18110455964741,6.945824373206568,-0.018961092058177018,single-cylinder,single-cylinder
1bnzy5WFtoE_30_40.wav,single-cylinder,V8,21.594932556152344,23.17665942509969,6.708602551096194,-0.23577590964736606,single-cylinder,single-cylinder
1bnzy5WFtoE_30_40.wav,single-cylinder,inline-4,22.44293975830078,23.43920473825364,8.880166602734468,-0.11218989738842049,single-cylinder,single-cylinder
1bnzy5WFtoE_30_40.wav,single-cylinder,inline-6,22.056154251098633,20.60273892538888,7.91271078312986,0.18368108800443936,single-cylinder,single-cylinder
1bnzy5WFtoE_30_40.wav,single-cylinder,single-cylinder,20.661046981811523,22.89808008147449,5.402642194283292,-0.41406278987530254,single-cylinder,single-cylinder
0jcn4Qd5Mcw_0_10.wav,V6,V6,18.58527374267578,22.18110455964741,6.945824373206568,-0.5176967662531896,V8,V8
0jcn4Qd5Mcw_0_10.wav,V6,V8,15.011186599731445,23.17665942509969,6.708602551096194,-1.2171644933763435,V8,V8
0jcn4Qd5Mcw_0_10.wav,V6,inline-4,17.042510986328125,23.43920473825364,8.880166602734468,-0.7203348808743951,V8,V8
0jcn4Qd5Mcw_0_10.wav,V6,inline-6,18.964658737182617,20.60273892538888,7.91271078312986,-0.20701883755168965,V8,V8
0jcn4Qd5Mcw_0_10.wav,V6,single-cylinder,18.0440673828125,22.89808008147449,5.402642194283292,-0.8984516323879778,V8,V8
2IUq-EUv-L4_30_40.wav,inline-6,V6,31.769203186035156,22.18110455964741,6.945824373206568,1.3804119009075035,inline-4,V6
2IUq-EUv-L4_30_40.wav,inline-6,V8,31.90959930419922,23.17665942509969,6.708602551096194,1.3017524607524342,inline-4,V6
2IUq-EUv-L4_30_40.wav,inline-6,inline-4,32.518985748291016,23.43920473825364,8.880166602734468,1.0224786781862225,inline-4,V6
2IUq-EUv-L4_30_40.wav,inline-6,inline-6,33.935081481933594,20.60273892538888,7.91271078312986,1.6849273178250963,inline-4,V6
2IUq-EUv-L4_30_40.wav,inline-6,single-cylinder,34.35418701171875,22.89808008147449,5.402642194283292,2.1204637505638138,inline-4,V6
-Ep82UWVIbI_10_20.wav,single-cylinder,V6,34.67784118652344,22.18110455964741,6.945824373206568,1.799172561155165,inline-4,inline-6
-Ep82UWVIbI_10_20.wav,single-cylinder,V8,33.41203689575195,23.17665942509969,6.708602551096194,1.5257093251082208,inline-4,inline-6
-Ep82UWVIbI_10_20.wav,single-cylinder,inline-4,28.34978485107422,23.43920473825364,8.880166602734468,0.5529828811216746,inline-4,inline-6
-Ep82UWVIbI_10_20.wav,single-cylinder,inline-6,25.18817901611328,20.60273892538888,7.91271078312986,0.5795030573467563,inline-4,inline-6
-Ep82UWVIbI_10_20.wav,single-cylinder,single-cylinder,26.736387252807617,22.89808008147449,5.402642194283292,0.7104500045171532,inline-4,inline-6
