freq_hz,data_mean_magnitude,model_inversion_magnitude
0.0,4.3523709081227935e-09,2.7099142929642994e-09
10.7666015625,0.3199998438358307,0.1106114387512207
21.533203125,0.4525481164455414,0.15642818808555603
32.2998046875,0.5542559623718262,0.19158461689949036
43.06640625,0.6399996876716614,0.2212228775024414
53.8330078125,0.687659502029419,0.24045337736606598
64.599609375,0.6448863744735718,0.23743896186351776
75.3662109375,0.5990670323371887,0.23438580334186554
86.1328125,0.5494399070739746,0.23129236698150635
96.8994140625,0.49486061930656433,0.22815698385238647
107.666015625,0.4660414755344391,0.23118902742862701
118.4326171875,0.4689282476902008,0.2403736561536789
129.19921875,0.47179731726646423,0.24922002851963043
139.9658203125,0.4746490716934204,0.25776299834251404
150.732421875,0.47748374938964844,0.2660316824913025
161.4990234375,0.4903249442577362,0.2706484794616699
172.265625,0.5062901377677917,0.2739793360233307
183.0322265625,0.5217670202255249,0.2772701382637024
193.798828125,0.5367978811264038,0.2805223762989044
204.5654296875,0.551419198513031,0.28373733162879944
215.33203125,0.556361973285675,0.2822358310222626
226.0986328125,0.5610886812210083,0.2806382477283478
236.865234375,0.565775990486145,0.27903151512145996
247.6318359375,0.5704247951507568,0.27741551399230957
258.3984375,0.568817138671875,0.2743038535118103
269.1650390625,0.5454644560813904,0.2659807503223419
279.931640625,0.5210662484169006,0.2573886513710022
290.6982421875,0.49546805024147034,0.24849966168403625
301.46484375,0.46847325563430786,0.23928068578243256
312.2314453125,0.44700533151626587,0.23020638525485992
322.998046875,0.4327400028705597,0.22135615348815918
333.7646484375,0.4179881513118744,0.21213707327842712
344.53125,0.40269631147384644,0.20249873399734497
355.2978515625,0.3868003785610199,0.19237813353538513
366.064453125,0.3749541938304901,0.184732586145401
376.8310546875,0.36462387442588806,0.17798832058906555
387.59765625,0.3539922535419464,0.17097821831703186
398.3642578125,0.34303122758865356,0.16366812586784363
409.130859375,0.33170831203460693,0.15601591765880585
419.8974609375,0.3238840699195862,0.15255683660507202
430.6640625,0.31601616740226746,0.14919216930866241
441.4306640625,0.3079473674297333,0.14574986696243286
452.197265625,0.2996613383293152,0.1422242522239685
462.9638671875,0.2923637926578522,0.13908617198467255
473.73046875,0.2895843982696533,0.13770829141139984
484.4970703125,0.2867780327796936,0.1363164633512497
495.263671875,0.28394389152526855,0.13491028547286987
506.0302734375,0.2810811698436737,0.13348925113677979
516.796875,0.28110045194625854,0.13274800777435303
527.5634765625,0.2845745384693146,0.13283662497997284
538.330078125,0.2880066931247711,0.13292519748210907
549.0966796875,0.29139846563339233,0.13301372528076172
559.86328125,0.29475122690200806,0.1331021636724472
570.6298828125,0.29623648524284363,0.13300074636936188
581.396484375,0.29693037271499634,0.13281771540641785
592.1630859375,0.2976226508617401,0.13263444602489471
602.9296875,0.29831328988075256,0.1324509084224701
613.6962890625,0.29900237917900085,0.13226711750030518
624.462890625,0.29800790548324585,0.13176299631595612
635.2294921875,0.2969123423099518,0.13123837113380432
645.99609375,0.2958126962184906,0.1307116150856018
656.7626953125,0.2947089970111847,0.13018277287483215
667.529296875,0.2936572730541229,0.12947021424770355
678.2958984375,0.29284101724624634,0.12797707319259644
689.0625,0.2920224368572235,0.1264662742614746
699.8291015625,0.29120156168937683,0.12493722885847092
710.595703125,0.2903784215450287,0.12338925153017044
721.3623046875,0.28919607400894165,0.12180955708026886
732.12890625,0.28754541277885437,0.12019334733486176
742.8955078125,0.28588512539863586,0.11855509132146835
753.662109375,0.28421521186828613,0.11689391732215881
764.4287109375,0.2825354039669037,0.11520876735448837
775.1953125,0.28066712617874146,0.11371328681707382
785.9619140625,0.2787023186683655,0.11229929327964783
796.728515625,0.2767236530780792,0.11086728423833847
807.4951171875,0.27473074197769165,0.10941652208566666
818.26171875,0.2727232277393341,0.10794626921415329
829.0283203125,0.2746930718421936,0.10727996379137039
839.794921875,0.2769577205181122,0.10667437314987183
850.5615234375,0.2792041599750519,0.10606537759304047
861.328125,0.28143244981765747,0.1054527759552002
872.0947265625,0.2836815118789673,0.10489300638437271
882.861328125,0.28609374165534973,0.1046011820435524
893.6279296875,0.28848588466644287,0.10430857539176941
904.39453125,0.2908583879470825,0.10401516407728195
915.1611328125,0.2932116687297821,0.10372091084718704
925.927734375,0.29405081272125244,0.10346432775259018
936.6943359375,0.29279962182044983,0.10326090455055237
947.4609375,0.29154300689697266,0.10305707156658173
958.2275390625,0.2902809977531433,0.10285282135009766
968.994140625,0.28901344537734985,0.10264817625284195
979.7607421875,0.28788718581199646,0.10232716053724289
990.52734375,0.286831259727478,0.10194610059261322
1001.2939453125,0.28577136993408203,0.10156356543302536
1012.060546875,0.284707635641098,0.10117965191602707
1022.8271484375,0.2836398184299469,0.100794218480587
1033.59375,0.2847079038619995,0.10047701001167297
1044.3603515625,0.286264568567276,0.10017500072717667
1055.126953125,0.2878127992153168,0.09987208247184753
1065.8935546875,0.28935277462005615,0.09956824779510498
1076.66015625,0.2908845543861389,0.09926345199346542
1087.4267578125,0.2907731235027313,0.09875918179750443
1098.193359375,0.2897825241088867,0.09814530611038208
1108.9599609375,0.2887885868549347,0.09752760082483292
1119.7265625,0.2877911329269409,0.096905916929245
1130.4931640625,0.2867903411388397,0.09628025442361832
1141.259765625,0.28543031215667725,0.09568721055984497
1152.0263671875,0.2827281653881073,0.09522803872823715
1162.79296875,0.2799999713897705,0.09476660192012787
1173.5595703125,0.2772449254989624,0.0943029448390007
1184.326171875,0.27446219325065613,0.0938369557261467
1195.0927734375,0.2716509997844696,0.09336867183446884
1205.859375,0.269071489572525,0.09288004040718079
1216.6259765625,0.2667559087276459,0.0923689752817154
1227.392578125,0.2644200623035431,0.09185507893562317
1238.1591796875,0.2620634436607361,0.09133830666542053
1248.92578125,0.25968536734580994,0.09081854671239853
1259.6923828125,0.25728529691696167,0.09029580652713776
1270.458984375,0.2551482617855072,0.08973553776741028
1281.2255859375,0.25337255001068115,0.08912589401006699
1291.9921875,0.2515842616558075,0.08851204812526703
1302.7587890625,0.24978317320346832,0.08789394795894623
1313.525390625,0.24796903133392334,0.08727144449949265
1324.2919921875,0.24614150822162628,0.08664447069168091
1335.05859375,0.2444279044866562,0.08602850884199142
1345.8251953125,0.24478596448898315,0.08566328138113022
1356.591796875,0.2451435774564743,0.08529649674892426
1367.3583984375,0.2455005943775177,0.08492811024188995
1378.125,0.2458571493625641,0.08455813676118851
1388.8916015625,0.2462131232023239,0.08418652415275574
1399.658203125,0.2465686947107315,0.08381327986717224
1410.4248046875,0.24729159474372864,0.083431676030159
1421.19140625,0.24872630834579468,0.08303523808717728
1431.9580078125,0.2501527965068817,0.08263689279556274
1442.724609375,0.2515712082386017,0.08223661780357361
1453.4912109375,0.25298166275024414,0.08183439075946808
1464.2578125,0.254384309053421,0.08143016695976257
1475.0244140625,0.25577929615974426,0.08102394640445709
1485.791015625,0.2570284605026245,0.08067525923252106
1496.5576171875,0.257871150970459,0.08049889653921127
1507.32421875,0.25871118903160095,0.08032217621803284
1518.0908203125,0.25954851508140564,0.08014506101608276
1528.857421875,0.26038315892219543,0.07996756583452225
1539.6240234375,0.26121506094932556,0.0797896459698677
1550.390625,0.26204437017440796,0.07961134612560272
1561.1572265625,0.26287102699279785,0.0794326439499855
1571.923828125,0.26247668266296387,0.07928600162267685
1582.6904296875,0.2617539167404175,0.07914776355028152
1593.45703125,0.26102927327156067,0.07900933176279068
1604.2236328125,0.26030245423316956,0.07887060195207596
1614.990234375,0.25957369804382324,0.07873166352510452
1625.7568359375,0.2588428556919098,0.0785924643278122
1636.5234375,0.2581099569797516,0.07845301926136017
1647.2900390625,0.25737497210502625,0.07831332832574844
1658.056640625,0.2569310665130615,0.07825765013694763
1668.8232421875,0.25651293992996216,0.07820955663919449
1679.58984375,0.25609415769577026,0.07816142588853836
1690.3564453125,0.25567466020584106,0.07811327278614044
1701.123046875,0.25525447726249695,0.07806508988142014
1711.8896484375,0.2548336684703827,0.07801689207553864
1722.65625,0.25441214442253113,0.07796864956617355
1733.4228515625,0.2539898455142975,0.07792036980390549
1744.189453125,0.25314822793006897,0.07776365429162979
1754.9560546875,0.2520442008972168,0.07753951102495193
1765.72265625,0.25093525648117065,0.07731468230485916
1776.4892578125,0.24982143938541412,0.07708925008773804
1787.255859375,0.2487025409936905,0.07686309516429901
1798.0224609375,0.24757865071296692,0.07663630694150925
1808.7890625,0.24644963443279266,0.07640884816646576
1819.5556640625,0.24531541764736176,0.07618069648742676
1830.322265625,0.2441759556531906,0.07595187425613403
1841.0888671875,0.2424347847700119,0.07570450007915497
1851.85546875,0.24059094488620758,0.07545360922813416
1862.6220703125,0.2387329638004303,0.07520191371440887
1873.388671875,0.23686036467552185,0.07494936138391495
1884.1552734375,0.23497284948825836,0.07469595968723297
1894.921875,0.2330700159072876,0.07444168627262115
1905.6884765625,0.23115158081054688,0.07418655604124069
1916.455078125,0.22921708226203918,0.07393054664134979
1927.2216796875,0.2272660732269287,0.07367362827062607
1937.98828125,0.2254238724708557,0.07335139065980911
1948.7548828125,0.2236354649066925,0.07299236953258514
1959.521484375,0.2218327671289444,0.07263162732124329
1970.2880859375,0.2200152426958084,0.07226907461881638
1981.0546875,0.2181825190782547,0.07190466672182083
1991.8212890625,0.21633432805538177,0.07153841108083725
2002.587890625,0.21447016298770905,0.07117027044296265
2013.3544921875,0.21258969604969025,0.07080023735761642
2024.12109375,0.21069248020648956,0.07042825222015381
2034.8876953125,0.20877790451049805,0.07005425542593002
2045.654296875,0.20807130634784698,0.06978867202997208
2056.4208984375,0.20746241509914398,0.06953110545873642
2067.1875,0.2068517506122589,0.06927259266376495
2077.9541015625,0.20623920857906342,0.0690130814909935
2088.720703125,0.20562489330768585,0.06875261664390564
2099.4873046875,0.20500871539115906,0.06849115341901779
2110.25390625,0.20439068973064423,0.06822868436574936
2121.0205078125,0.20377081632614136,0.06796520948410034
2131.787109375,0.2031490057706833,0.06770070642232895
2142.5537109375,0.2025252878665924,0.06743515282869339
2153.3203125,0.20193566381931305,0.06720144301652908
2164.0869140625,0.20136168599128723,0.06698279827833176
2174.853515625,0.2007860392332077,0.06676343828439713
2185.6201171875,0.20020876824855804,0.06654335558414459
2196.38671875,0.19962985813617706,0.06632255762815475
2207.1533203125,0.1990492194890976,0.06610099971294403
2217.919921875,0.19846685230731964,0.06587871164083481
2228.6865234375,0.19788284599781036,0.0656556710600853
2239.453125,0.1972970813512802,0.0654318630695343
2250.2197265625,0.1967095583677292,0.06520729511976242
2260.986328125,0.1961202621459961,0.06498192995786667
2271.7529296875,0.19579143822193146,0.06483575701713562
2282.51953125,0.19550152122974396,0.06470130383968353
2293.2861328125,0.19521117210388184,0.06456656754016876
2304.052734375,0.1949203908443451,0.06443154066801071
2314.8193359375,0.19462914764881134,0.06429622322320938
2325.5859375,0.19433748722076416,0.06416061520576477
2336.3525390625,0.19404537975788116,0.06402473896741867
2347.119140625,0.19375285506248474,0.06388857215642929
2357.8857421875,0.19345983862876892,0.06375209987163544
2368.65234375,0.19316644966602325,0.0636153519153595
2379.4189453125,0.1928725391626358,0.06347829103469849
2390.185546875,0.1930624395608902,0.06332673132419586
2400.9521484375,0.19377854466438293,0.06315923482179642
2411.71875,0.19449196755886078,0.06299131363630295
2422.4853515625,0.19520270824432373,0.06282291561365128
2433.251953125,0.1959109753370285,0.06265410035848618
2444.0185546875,0.19661667943000793,0.06248481571674347
2454.78515625,0.19731982052326202,0.06231505423784256
2465.5517578125,0.19802051782608032,0.06214485689997673
2476.318359375,0.19871868193149567,0.0619741789996624
2487.0849609375,0.1994144171476364,0.06180302053689957
2497.8515625,0.20010775327682495,0.06163139268755913
2508.6181640625,0.20079867541790009,0.06145929545164108
2519.384765625,0.20147326588630676,0.06125466153025627
2530.1513671875,0.2021298110485077,0.061013005673885345
2540.91796875,0.2027842402458191,0.06077039986848831
2551.6845703125,0.20343656837940216,0.060526810586452484
2562.451171875,0.2040867954492569,0.06028224900364876
2573.2177734375,0.2047349512577057,0.06003667414188385
2583.984375,0.2053811103105545,0.05979011207818985
2594.7509765625,0.206025168299675,0.05954250693321228
2605.517578125,0.20666727423667908,0.059293877333402634
2616.2841796875,0.207307368516922,0.059044208377599716
2627.05078125,0.20794549584388733,0.05879346653819084
2637.8173828125,0.20858164131641388,0.05854165181517601
2648.583984375,0.2092158943414688,0.05828876420855522
2659.3505859375,0.20799089968204498,0.05800175294280052
2670.1171875,0.20631800591945648,0.05770553648471832
2680.8837890625,0.20463140308856964,0.05740777775645256
2691.650390625,0.20293083786964417,0.05710848793387413
2702.4169921875,0.20121583342552185,0.056807611137628555
2713.18359375,0.1994861364364624,0.05650512874126434
2723.9501953125,0.19774125516414642,0.0562010258436203
2734.716796875,0.19598087668418884,0.05589526146650314
2745.4833984375,0.19420450925827026,0.05558780953288078
2756.25,0.19241179525852203,0.055278655141592026
2767.0166015625,0.19060218334197998,0.05496776103973389
2777.783203125,0.18877524137496948,0.054655104875564575
2788.5498046875,0.18693046271800995,0.054340653121471405
2799.31640625,0.18510355055332184,0.054033517837524414
2810.0830078125,0.18330082297325134,0.053735293447971344
2820.849609375,0.18148019909858704,0.053435396403074265
2831.6162109375,0.17964105308055878,0.05313379317522049
2842.3828125,0.17778295278549194,0.05283048376441002
2853.1494140625,0.1759052276611328,0.05252542719244957
2863.916015625,0.17400720715522766,0.05221857503056526
2874.6826171875,0.17208825051784515,0.0519099198281765
2885.44921875,0.17014768719673157,0.0515994131565094
2896.2158203125,0.16818469762802124,0.05128702148795128
2906.982421875,0.16619855165481567,0.050972726196050644
2917.7490234375,0.16418838500976562,0.05065647140145302
2928.515625,0.1621532440185547,0.050338227301836014
2939.2822265625,0.16009226441383362,0.050017960369586945
2950.048828125,0.15857285261154175,0.04973258078098297
2960.8154296875,0.15791475772857666,0.04950244724750519
2971.58203125,0.1572539210319519,0.04927125200629234
2982.3486328125,0.15659025311470032,0.049038950353860855
2993.115234375,0.15592379868030548,0.04880555719137192
3003.8818359375,0.15525446832180023,0.048571035265922546
3014.6484375,0.15458223223686218,0.048335377126932144
3025.4150390625,0.15390709042549133,0.048098575323820114
3036.181640625,0.15322895348072052,0.047860585153102875
3046.9482421875,0.15254779160022736,0.047621410340070724
3057.71484375,0.15186358988285065,0.04738103225827217
3068.4814453125,0.15117628872394562,0.04713942110538483
3079.248046875,0.1504858434200287,0.046896569430828094
3090.0146484375,0.14979225397109985,0.04665246233344078
3100.78125,0.149095356464386,0.0464070588350296
3111.5478515625,0.14858347177505493,0.04620863124728203
3122.314453125,0.14821647107601166,0.046046994626522064
3133.0810546875,0.14784853160381317,0.04588478058576584
3143.84765625,0.14747968316078186,0.045722004026174545
3154.6142578125,0.14710991084575653,0.0455586239695549
3165.380859375,0.1467391848564148,0.04539467394351959
3176.1474609375,0.14636753499507904,0.04523012787103653
3186.9140625,0.14599497616291046,0.045064982026815414
3197.6806640625,0.1456214189529419,0.044899217784404755
3208.447265625,0.14524690806865692,0.04473285377025604
3219.2138671875,0.14487144351005554,0.04456585645675659
3229.98046875,0.14449498057365417,0.0443982370197773
3240.7470703125,0.1441175639629364,0.044229984283447266
3251.513671875,0.14373910427093506,0.044061075896024704
3262.2802734375,0.1433597058057785,0.043891534209251404
3273.046875,0.14297926425933838,0.043721333146095276
3283.8134765625,0.14268697798252106,0.043600670993328094
3294.580078125,0.14240115880966187,0.0434836819767952
3305.3466796875,0.1421147882938385,0.04336637258529663
3316.11328125,0.14182782173156738,0.0432487390935421
3326.8798828125,0.1415402591228485,0.0431307889521122
3337.646484375,0.14125213027000427,0.04301251098513603
3348.4130859375,0.14096340537071228,0.0428939089179039
3359.1796875,0.14067411422729492,0.0427749864757061
3369.9462890625,0.14038418233394623,0.04265572130680084
3380.712890625,0.14009366929531097,0.04253612086176872
3391.4794921875,0.13980256021022797,0.04241618886590004
3402.24609375,0.139510840177536,0.0422959104180336
3413.0126953125,0.1392185091972351,0.0421752966940403
3423.779296875,0.13892555236816406,0.04205433651804924
3434.5458984375,0.13863198459148407,0.04193302243947983
3445.3125,0.13833783566951752,0.041811369359493256
3456.0791015625,0.13802675902843475,0.04167544096708298
3466.845703125,0.13769464194774628,0.04152153059840202
3477.6123046875,0.13736164569854736,0.04136703163385391
3488.37890625,0.13702791929244995,0.04121197387576103
3499.1455078125,0.13669335842132568,0.0410563200712204
3509.912109375,0.13635794818401337,0.04090007394552231
3520.6787109375,0.1360217183828354,0.04074322432279587
3531.4453125,0.13568466901779175,0.040585774928331375
3542.2119140625,0.13534678518772125,0.040427710860967636
3552.978515625,0.1350080370903015,0.04026902839541435
3563.7451171875,0.13466843962669373,0.04010971263051033
3574.51171875,0.13432800769805908,0.03994976729154587
3585.2783203125,0.1339866667985916,0.039789170026779175
3596.044921875,0.13364450633525848,0.039627935737371445
3606.8115234375,0.13330140709877014,0.03946603089570999
3617.578125,0.13295745849609375,0.039303459227085114
3628.3447265625,0.13261263072490692,0.03914022073149681
3639.111328125,0.13225719332695007,0.038972627371549606
3649.8779296875,0.13176217675209045,0.03875170275568962
3660.64453125,0.13126525282859802,0.038529496639966965
3671.4111328125,0.13076645135879517,0.038306016474962234
3682.177734375,0.1302657574415207,0.03808121755719185
3692.9443359375,0.12976311147212982,0.037855084985494614
3703.7109375,0.12925852835178375,0.03762759268283844
3714.4775390625,0.1287519633769989,0.037398722022771835
3725.244140625,0.12824341654777527,0.037168439477682114
3736.0107421875,0.12773281335830688,0.036936718970537186
3746.77734375,0.12722016870975494,0.03670353814959526
3757.5439453125,0.12670545279979706,0.03646886348724365
3768.310546875,0.12618865072727203,0.03623266890645027
3779.0771484375,0.1256697028875351,0.03599492833018303
3789.84375,0.12514860928058624,0.03575560078024864
3800.6103515625,0.12462534755468369,0.03551466390490532
3811.376953125,0.12409987300634384,0.035272084176540375
3822.1435546875,0.12357214838266373,0.035027820616960526
3832.91015625,0.12304218858480453,0.03478184714913368
3843.6767578125,0.12263397872447968,0.03451630100607872
3854.443359375,0.12226670980453491,0.034242577850818634
3865.2099609375,0.12189838290214539,0.03396667167544365
3875.9765625,0.12152889370918274,0.033688485622406006
3886.7431640625,0.12115829437971115,0.033407989889383316
3897.509765625,0.12078655511140823,0.033125121146440506
3908.2763671875,0.12041369080543518,0.0328398160636425
3919.04296875,0.12003963440656662,0.032552000135183334
3929.8095703125,0.11966443806886673,0.03226163238286972
3940.576171875,0.11928803473711014,0.0319686159491539
3951.3427734375,0.11891044676303864,0.031672894954681396
3962.109375,0.11853168159723282,0.03137439116835594
3972.8759765625,0.11815167963504791,0.031073007732629776
3983.642578125,0.11777046322822571,0.030768679454922676
3994.4091796875,0.11738798767328262,0.030461309477686882
4005.17578125,0.11700429022312164,0.03015080653131008
4015.9423828125,0.11661931127309799,0.029837071895599365
4026.708984375,0.11623305827379227,0.029520004987716675
4037.4755859375,0.11584551632404327,0.02919948846101761
4048.2421875,0.11563782393932343,0.02890537679195404
4059.0087890625,0.11566627025604248,0.02864770218729973
4069.775390625,0.11569467931985855,0.02838769182562828
4080.5419921875,0.11572311073541641,0.028125276789069176
4091.30859375,0.11575152724981308,0.027860386297106743
4102.0751953125,0.11577993631362915,0.02759295515716076
4112.841796875,0.11580832302570343,0.027322905138134956
4123.6083984375,0.11583670973777771,0.027050161734223366
4134.375,0.11586511135101318,0.026774639263749123
4145.1416015625,0.11589347571134567,0.026496252045035362
4155.908203125,0.11592185497283936,0.02621491253376007
4166.6748046875,0.11595020443201065,0.025930512696504593
4177.44140625,0.11597856879234314,0.025642964988946915
4188.2080078125,0.11600693315267563,0.025352157652378082
4198.974609375,0.11603527516126633,0.025057969614863396
4209.7412109375,0.11606360226869583,0.024760287255048752
4220.5078125,0.11609192937612534,0.024458983913064003
4231.2744140625,0.11612026393413544,0.024153923615813255
4242.041015625,0.11614856868982315,0.02384495735168457
4252.8076171875,0.11617690324783325,0.023531943559646606
4263.57421875,0.11621800810098648,0.02322401851415634
4274.3408203125,0.11641858518123627,0.02302919328212738
4285.107421875,0.1166188046336174,0.02283269725739956
4295.8740234375,0.11681864410638809,0.022634495049715042
4306.640625,0.11701817065477371,0.022434543818235397
4317.4072265625,0.11721737682819366,0.022232795134186745
4328.173828125,0.11741621792316437,0.022029196843504906
4338.9404296875,0.1176147386431694,0.0218237042427063
4349.70703125,0.11781291663646698,0.02161625400185585
4360.4736328125,0.1180107593536377,0.02140679396688938
4371.240234375,0.11820827424526215,0.021195264533162117
4382.0068359375,0.11840546876192093,0.020981602370738983
4392.7734375,0.11860231310129166,0.020765740424394608
4403.5400390625,0.11879884451627731,0.020547615364193916
4414.306640625,0.1189950555562973,0.020327147096395493
4425.0732421875,0.11919093132019043,0.02010425738990307
4435.83984375,0.11938647925853729,0.019878873601555824
4446.6064453125,0.11958174407482147,0.019650906324386597
4457.373046875,0.11977667361497879,0.019420256838202477
4468.1396484375,0.11997129768133163,0.019186843186616898
4478.90625,0.12016557902097702,0.018950549885630608
4489.6728515625,0.12035956978797913,0.018711276352405548
4500.439453125,0.12053894251585007,0.018538547679781914
4511.2060546875,0.12070903182029724,0.018408771604299545
4521.97265625,0.12087887525558472,0.018278060480952263
4532.7392578125,0.12104848027229309,0.018146410584449768
4543.505859375,0.12121783196926117,0.01801379770040512
4554.2724609375,0.12138696014881134,0.01788020320236683
4565.0390625,0.121555857360363,0.017745602875947952
4575.8056640625,0.12172450870275497,0.0176099706441164
4586.572265625,0.12189294397830963,0.017473291605710983
4597.3388671875,0.12206112593412399,0.01733553037047386
4608.10546875,0.12222908437252045,0.017196664586663246
4618.8720703125,0.1223968118429184,0.017056668177247047
4629.638671875,0.12256430089473724,0.016915516927838326
4640.4052734375,0.12273158878087997,0.016773181036114693
4651.171875,0.122898630797863,0.016629619523882866
4661.9384765625,0.12306545674800873,0.016484813764691353
4672.705078125,0.12323202937841415,0.016338719055056572
4683.4716796875,0.12339841574430466,0.016191309317946434
4694.23828125,0.12356452643871307,0.016042539849877357
4705.0048828125,0.12373047322034836,0.0158923901617527
4715.771484375,0.12389615178108215,0.01574079506099224
4726.5380859375,0.12406164407730103,0.015587734058499336
4737.3046875,0.1242268830537796,0.015433152206242085
4748.0712890625,0.12457113713026047,0.015355593524873257
4758.837890625,0.12491720914840698,0.015278858132660389
4769.6044921875,0.1252623200416565,0.015201731584966183
4780.37109375,0.1256064623594284,0.015124209225177765
4791.1376953125,0.1259496659040451,0.01504629198461771
4801.904296875,0.12629196047782898,0.014967969618737698
4812.6708984375,0.12663330137729645,0.014889230951666832
4823.4375,0.12697374820709229,0.014810075983405113
4834.2041015625,0.1273132860660553,0.014730495400726795
4844.970703125,0.1276519000530243,0.014650481753051281
4855.7373046875,0.12798963487148285,0.014570034109055996
4866.50390625,0.12832646071910858,0.014489131979644299
4877.2705078125,0.12866240739822388,0.014407779090106487
4888.037109375,0.12899750471115112,0.014325966127216816
4898.8037109375,0.12933172285556793,0.014243680983781815
4909.5703125,0.1296650618314743,0.014160915277898312
4920.3369140625,0.12999758124351501,0.014077669009566307
4931.103515625,0.1303292214870453,0.013993924483656883
4941.8701171875,0.1306600272655487,0.013909676112234592
4952.63671875,0.13099001348018646,0.013824913650751114
4963.4033203125,0.13131913542747498,0.013739625923335552
4974.169921875,0.13164746761322021,0.013653811998665333
4984.9365234375,0.1319749504327774,0.013567444868385792
4995.703125,0.13224750757217407,0.013485861010849476
5006.4697265625,0.1321626454591751,0.01343902200460434
5017.236328125,0.13207775354385376,0.013392019085586071
5028.0029296875,0.13199280202388763,0.01334485225379467
5038.76953125,0.13190780580043793,0.013297520577907562
5049.5361328125,0.13182274997234344,0.0132500184699893
5060.302734375,0.13173764944076538,0.01320233941078186
5071.0693359375,0.13165248930454254,0.013154497370123863
5081.8359375,0.13156726956367493,0.013106475584208965
5092.6025390625,0.13148199021816254,0.01305827870965004
5103.369140625,0.13139665126800537,0.013009902089834213
5114.1357421875,0.13131126761436462,0.01296134665608406
5124.90234375,0.1312258243560791,0.01291260588914156
5135.6689453125,0.13114033639431,0.01286368165165186
5146.435546875,0.13105478882789612,0.012814571149647236
5157.2021484375,0.13096915185451508,0.012765266001224518
5167.96875,0.13088348507881165,0.0127157773822546
5178.7353515625,0.13079777359962463,0.012666094116866589
5189.501953125,0.13071200251579285,0.012616214342415333
5200.2685546875,0.1306261569261551,0.01256613340228796
5211.03515625,0.13054026663303375,0.012515855953097343
5221.8017578125,0.13045431673526764,0.01246537547558546
5232.568359375,0.13036832213401794,0.012414689175784588
5243.3349609375,0.13028225302696228,0.012363789603114128
5254.1015625,0.13019612431526184,0.012312686070799828
5264.8681640625,0.1301099807024002,0.012261374853551388
5275.634765625,0.12955830991268158,0.012224262580275536
5286.4013671875,0.12899746000766754,0.012187258340418339
5297.16796875,0.12843415141105652,0.012150137685239315
5307.9345703125,0.1278683841228485,0.012112903408706188
5318.701171875,0.12730008363723755,0.012075554579496384
5329.4677734375,0.12672923505306244,0.012038092128932476
5340.234375,0.1261557936668396,0.012000508606433868
5351.0009765625,0.12557975947856903,0.011962808668613434
5361.767578125,0.12500104308128357,0.011924988590180874
5372.5341796875,0.12441964447498322,0.011887047439813614
5383.30078125,0.12383553385734558,0.011848989874124527
5394.0673828125,0.1232486367225647,0.011810805648565292
5404.833984375,0.12265893816947937,0.01177249476313591
5415.6005859375,0.12206637859344482,0.011734064668416977
5426.3671875,0.12147094309329987,0.011695506982505322
5437.1337890625,0.12087256461381912,0.01165682077407837
5447.900390625,0.1202712282538414,0.011618007905781269
5458.6669921875,0.11966685205698013,0.011579061858355999
5469.43359375,0.11905940622091293,0.011539986357092857
5480.2001953125,0.11844885349273682,0.011500777676701546
5490.966796875,0.11783511936664581,0.011461431160569191
5501.7333984375,0.11721819639205933,0.01142195239663124
5512.5,0.1165979877114296,0.011382335796952248
5523.2666015625,0.11597448587417603,0.011342582292854786
5534.033203125,0.11534759402275085,0.011302684433758259
5544.7998046875,0.1147172674536705,0.011262648738920689
5555.56640625,0.11427592486143112,0.011221785098314285
5566.3330078125,0.11404487490653992,0.011180009692907333
5577.099609375,0.11381339281797409,0.011138076893985271
5587.8662109375,0.11358141899108887,0.011095982976257801
5598.6328125,0.11334898322820663,0.011053732596337795
5609.3994140625,0.1131160631775856,0.011011316440999508
5620.166015625,0.11288265883922577,0.010968741960823536
5630.9326171875,0.11264877021312714,0.010925996117293835
5641.69921875,0.1124144122004509,0.010883085429668427
5652.4658203125,0.11217954009771347,0.010840002447366714
5663.232421875,0.11194419860839844,0.010796750895678997
5673.9990234375,0.11170835047960281,0.010753322392702103
5684.765625,0.111471988260746,0.010709717869758606
5695.5322265625,0.1112351343035698,0.010665937326848507
5706.298828125,0.11099779605865479,0.010621975176036358
5717.0654296875,0.11075993627309799,0.010577830485999584
5727.83203125,0.11052155494689941,0.010533499531447887
5738.5986328125,0.11028265953063965,0.010488981381058693
5749.365234375,0.11004325747489929,0.010444275103509426
5760.1318359375,0.10980333387851715,0.01039937511086464
5770.8984375,0.10956286638975143,0.010354283265769482
5781.6650390625,0.10932189226150513,0.010308989323675632
5792.431640625,0.10908035933971405,0.01026349700987339
5803.1982421875,0.10883829742670059,0.010217802599072456
5813.96484375,0.10859570652246475,0.010171906091272831
5824.7314453125,0.10835257917642593,0.010125800035893917
5835.498046875,0.10810890048742294,0.010079484432935715
5846.2646484375,0.10786464065313339,0.010032949037849903
5857.03125,0.10789979249238968,0.00998620130121708
5867.7978515625,0.1081826463341713,0.009939230978488922
5878.564453125,0.10846477001905441,0.009892037138342857
5889.3310546875,0.10874614119529724,0.009844613261520863
5900.09765625,0.10902681201696396,0.00979696586728096
5910.8642578125,0.10930673778057098,0.009749084711074829
5921.630859375,0.1095859706401825,0.009700963273644447
5932.3974609375,0.10986447334289551,0.009652605280280113
5943.1640625,0.110142283141613,0.009604004211723804
5953.9306640625,0.11041940748691559,0.009555155411362648
5964.697265625,0.11069582402706146,0.009506053291261196
5975.4638671875,0.11097154021263123,0.009456698782742023
5986.23046875,0.11124658584594727,0.009407083503901958
5996.9970703125,0.11152094602584839,0.009357203729450703
6007.763671875,0.11179464310407639,0.00930706039071083
6018.5302734375,0.11206766217947006,0.009256644174456596
6029.296875,0.1123400330543518,0.009205954149365425
6040.0634765625,0.11261173337697983,0.009154980070888996
6050.830078125,0.11288277804851532,0.00910372007638216
6061.5966796875,0.11315315216779709,0.009052171371877193
6072.36328125,0.11342291533946991,0.009000326506793499
6083.1298828125,0.1136920377612114,0.008948182687163353
6093.896484375,0.11396051943302155,0.008895733393728733
6104.6630859375,0.11422835290431976,0.008842973038554192
6115.4296875,0.11449558287858963,0.008789894171059132
6126.1962890625,0.11476218700408936,0.008736493065953255
6136.962890625,0.11502818018198013,0.00868276972323656
6147.7294921875,0.11529354751110077,0.008628703653812408
6158.49609375,0.11555828154087067,0.008574298582971096
6169.2626953125,0.1158086434006691,0.008520299568772316
6180.029296875,0.11587098240852356,0.008476302027702332
6190.7958984375,0.11593328416347504,0.008432073518633842
6201.5625,0.11599553376436234,0.008387609384953976
6212.3291015625,0.11605778336524963,0.008342912420630455
6223.095703125,0.11611997336149216,0.008297971449792385
6233.8623046875,0.11618213355541229,0.008252783678472042
6244.62890625,0.11624427139759064,0.008207353763282299
6255.3955078125,0.116306371986866,0.008161665871739388
6266.162109375,0.11636843532323837,0.008115722797811031
6276.9287109375,0.11643046140670776,0.008069517090916634
6287.6953125,0.11649247258901596,0.008023045025765896
6298.4619140625,0.11655443161725998,0.007976303808391094
6309.228515625,0.1166163757443428,0.007929285056889057
6319.9951171875,0.11667826026678085,0.00788198597729206
6330.76171875,0.1167401373386383,0.007834402844309807
6341.5283203125,0.11680196970701218,0.007786530070006847
6352.294921875,0.11686377972364426,0.007738359738141298
6363.0615234375,0.11692554503679276,0.007689887657761574
6373.828125,0.11698728799819946,0.007641106843948364
6384.5947265625,0.11704899370670319,0.0075920140370726585
6395.361328125,0.11711066961288452,0.007542601320892572
6406.1279296875,0.11717230081558228,0.007492861710488796
6416.89453125,0.11723390966653824,0.007442793808877468
6427.6611328125,0.11729550361633301,0.007392382714897394
6438.427734375,0.117357037961483,0.007341628894209862
6449.1943359375,0.11741854250431061,0.007290514186024666
6459.9609375,0.11748002469539642,0.00723904836922884
6470.7275390625,0.11754146218299866,0.007187207695096731
6481.494140625,0.1176028698682785,0.007134988438338041
6492.2607421875,0.11766427755355835,0.007082389667630196
6503.02734375,0.117717444896698,0.007029583677649498
6513.7939453125,0.11696004867553711,0.006995180156081915
6524.560546875,0.11619769036769867,0.006960602942854166
6535.3271484375,0.1154303178191185,0.0069258552975952625
6546.09375,0.11465779691934586,0.006890932563692331
6556.8603515625,0.11388003081083298,0.006855830550193787
6567.626953125,0.1130969226360321,0.0068205478601157665
6578.3935546875,0.11230836063623428,0.006785084027796984
6589.16015625,0.11151420325040817,0.006749430205672979
6599.9267578125,0.1107143685221672,0.006713590584695339
6610.693359375,0.10990870743989944,0.006677552592009306
6621.4599609375,0.10909708589315414,0.0066413250751793385
6632.2265625,0.10827939957380295,0.006604898255318403
6642.9931640625,0.10745548456907272,0.006568265147507191
6653.759765625,0.10662520676851273,0.006531435996294022
6664.5263671875,0.10578840225934982,0.006494387984275818
6675.29296875,0.10494492948055267,0.006457132287323475
6686.0595703125,0.10409462451934814,0.00641965726390481
6696.826171875,0.10323731601238251,0.006381964776664972
6707.5927734375,0.10237283259630203,0.00634404830634594
6718.359375,0.1015009805560112,0.006305905058979988
6729.1259765625,0.10062158107757568,0.006267526652663946
6739.892578125,0.09973441809415817,0.006228912156075239
6750.6591796875,0.09883929044008255,0.006190057843923569
6761.42578125,0.0979359894990921,0.0061509576626122
6772.1923828125,0.09702427685260773,0.0061116088181734085
6782.958984375,0.09610391408205032,0.006072004325687885
6793.7255859375,0.09517465531826019,0.00603213906288147
6804.4921875,0.09423623234033585,0.0059920065104961395
6815.2587890625,0.0932883694767952,0.005951607599854469
6826.025390625,0.09233078360557556,0.005910932086408138
6836.7919921875,0.09136315435171127,0.005869974382221699
6847.55859375,0.09038516879081726,0.005828726105391979
6858.3251953125,0.08955363184213638,0.005792022217065096
6869.091796875,0.08914648741483688,0.005768377333879471
6879.8583984375,0.08873746544122696,0.005744632799178362
6890.625,0.08832655102014542,0.0057207923382520676
6901.3916015625,0.08791372179985046,0.005696849897503853
6912.158203125,0.08749894797801971,0.005672807339578867
6922.9248046875,0.08708218485116959,0.005648661870509386
6933.69140625,0.08666342496871948,0.0056244125589728355
6944.4580078125,0.08624264597892761,0.005600057542324066
6955.224609375,0.085819773375988,0.0055755991488695145
6965.9912109375,0.08539482951164246,0.005551031790673733
6976.7578125,0.08496774733066559,0.00552635220810771
6987.5244140625,0.08453851193189621,0.005501566454768181
6998.291015625,0.08410710096359253,0.005476664286106825
7009.0576171875,0.08367344737052917,0.005451650358736515
7019.82421875,0.08323752880096436,0.00542652141302824
7030.5908203125,0.08279932290315628,0.0054012746550142765
7041.357421875,0.08235879242420197,0.005375911481678486
7052.1240234375,0.08191589266061783,0.005350426770746708
7062.890625,0.08147057145833969,0.0053248172625899315
7073.6572265625,0.08102282136678696,0.005299088545143604
7084.423828125,0.08057256788015366,0.005273229908198118
7095.1904296875,0.08011980354785919,0.005247247405350208
7105.95703125,0.079664446413517,0.005221137311309576
7116.7236328125,0.07920648902654648,0.005194891709834337
7127.490234375,0.07874584197998047,0.00516851432621479
7138.2568359375,0.07828250527381897,0.005142000503838062
7149.0234375,0.07781640440225601,0.0051153493113815784
7159.7900390625,0.07734750211238861,0.005088561214506626
7170.556640625,0.0768757313489914,0.005061631090939045
7181.3232421875,0.07640104740858078,0.005034553352743387
7192.08984375,0.07592340558767319,0.005007333122193813
7202.8564453125,0.07544272392988205,0.004979962017387152
7213.623046875,0.07495896518230438,0.004952437710016966
7224.3896484375,0.07447207719087601,0.004924765322357416
7235.15625,0.07422320544719696,0.004906592890620232
7245.9228515625,0.07405366003513336,0.004891577176749706
7256.689453125,0.07388372719287872,0.0048765079118311405
7267.4560546875,0.07371342927217484,0.004861397668719292
7278.22265625,0.07354269921779633,0.004846235271543264
7288.9892578125,0.07337159663438797,0.004831030499190092
7299.755859375,0.07320008426904678,0.004815775901079178
7310.5224609375,0.07302816212177277,0.00480047008022666
7321.2890625,0.07285584509372711,0.004785117227584124
7332.0556640625,0.07268311083316803,0.004769713617861271
7342.822265625,0.07250998169183731,0.004754261579364538
7353.5888671875,0.07233642786741257,0.004738758318126202
7364.35546875,0.07216246426105499,0.00472320755943656
7375.1220703125,0.0719880610704422,0.004707599524408579
7385.888671875,0.07181324064731598,0.0046919467858970165
7396.6552734375,0.07163800299167633,0.004676233511418104
7407.421875,0.07146233320236206,0.004660473670810461
7418.1884765625,0.07128623127937317,0.00464465981349349
7428.955078125,0.07110969722270966,0.004628788214176893
7439.7216796875,0.07093272358179092,0.004612865392118692
7450.48828125,0.07075530290603638,0.004596883896738291
7461.2548828125,0.07057743519544601,0.004580850712954998
7472.021484375,0.07039910554885864,0.004564759787172079
7482.7880859375,0.07022034376859665,0.00454860832542181
7493.5546875,0.07004111260175705,0.004532403778284788
7504.3212890625,0.06986143440008163,0.004516141954809427
7515.087890625,0.06968127936124802,0.004499815404415131
7525.8544921875,0.06950066238641739,0.004483434371650219
7536.62109375,0.06931957602500916,0.004466990940272808
7547.3876953125,0.06913801282644272,0.0044504874385893345
7558.154296875,0.06895597279071808,0.0044339243322610855
7568.9208984375,0.06877344846725464,0.00441729836165905
7579.6875,0.06859045475721359,0.004400607664138079
7590.4541015625,0.06840694695711136,0.0043838536366820335
7601.220703125,0.06822295486927032,0.004367033485323191
7611.9873046875,0.0680384635925293,0.00435015419498086
7622.75390625,0.06783883273601532,0.0043357787653803825
7633.5205078125,0.06761276721954346,0.004325890447944403
7644.287109375,0.0673859566450119,0.004315979778766632
7655.0537109375,0.06715837121009827,0.0043060448952019215
7665.8203125,0.06693000346422195,0.0042960853315889835
7676.5869140625,0.06670086830854416,0.004286106675863266
7687.353515625,0.06647094339132309,0.004276102874428034
7698.1201171875,0.06624019891023636,0.004266078118234873
7708.88671875,0.06600867956876755,0.004256023559719324
7719.6533203125,0.06577631831169128,0.00424595084041357
7730.419921875,0.06554315239191055,0.004235857166349888
7741.1865234375,0.06530914455652237,0.004225730895996094
7751.953125,0.06507429480552673,0.004215582739561796
7762.7197265625,0.06483859568834305,0.004205412231385708
7773.486328125,0.06460203975439072,0.004195216577500105
7784.2529296875,0.06436461210250854,0.0041849976405501366
7795.01953125,0.06412630528211594,0.004174749366939068
7805.7861328125,0.0638871118426323,0.004164480604231358
7816.552734375,0.06364700943231583,0.004154182970523834
7827.3193359375,0.06340601295232773,0.004143861588090658
7838.0859375,0.06316409260034561,0.004133514128625393
7848.8525390625,0.06292123347520828,0.004123138263821602
7859.619140625,0.06267743557691574,0.004112740512937307
7870.3857421875,0.06243268772959709,0.004102311097085476
7881.15234375,0.062186986207962036,0.004091861192137003
7891.9189453125,0.06194029748439789,0.004081381019204855
7902.685546875,0.061692629009485245,0.004070875234901905
7913.4521484375,0.06144396588206291,0.004060341045260429
7924.21875,0.0611942782998085,0.0040497793816030025
7934.9853515625,0.060943569988012314,0.0040391902439296246
7945.751953125,0.06069183722138405,0.004028575960546732
7956.5185546875,0.060439061373472214,0.004017932340502739
7967.28515625,0.06018519774079323,0.004007256124168634
7978.0517578125,0.059930283576250076,0.003996556159108877
7988.818359375,0.05967426300048828,0.0039858268573880196
7999.5849609375,0.05941714718937874,0.0039750668220222
8010.3515625,0.05915891379117966,0.003964279778301716
8021.1181640625,0.05889955163002014,0.003953463863581419
8031.884765625,0.05863922834396362,0.003942620474845171
8042.6513671875,0.05848809704184532,0.003934924025088549
8053.41796875,0.05833657458424568,0.003927210345864296
8064.1845703125,0.058184653520584106,0.003919484093785286
8074.951171875,0.0580323301255703,0.003911743406206369
8085.7177734375,0.05787961184978485,0.003903985256329179
8096.484375,0.05772649124264717,0.003896212438121438
8107.2509765625,0.05757296457886696,0.0038884219247847795
8118.017578125,0.05741902440786362,0.0038806188385933638
8128.7841796875,0.057264674454927444,0.0038727999199181795
8139.55078125,0.057109903544187546,0.003864964470267296
8150.3173828125,0.05695470795035362,0.003857112256810069
8161.083984375,0.05679909884929657,0.0038492437452077866
8171.8505859375,0.0566430538892746,0.00384136033244431
8182.6171875,0.0564865805208683,0.00383346201851964
8193.3837890625,0.05632966756820679,0.0038255462422966957
8204.150390625,0.05617231875658035,0.003817613236606121
8214.9169921875,0.0560145303606987,0.003809663699939847
8225.68359375,0.05585630238056183,0.0038016962353140116
8236.4501953125,0.055697619915008545,0.003793714102357626
8247.216796875,0.05553847551345825,0.0037857189308851957
8257.9833984375,0.05537888780236244,0.0037777014076709747
8268.75,0.05521882697939873,0.0037696666549891233
8279.5166015625,0.0550583116710186,0.0037616167683154345
8290.283203125,0.05489731952548027,0.003753550350666046
8301.0498046875,0.054735854268074036,0.0037454646080732346
8311.81640625,0.054573915898799896,0.00373736210167408
8322.5830078125,0.05441148951649666,0.003729242831468582
8333.349609375,0.05424857139587402,0.003721104934811592
8344.1162109375,0.054085176438093185,0.0037129505071789026
8354.8828125,0.053921282291412354,0.00370477675460279
8365.6494140625,0.05375688895583153,0.003696584142744541
8376.416015625,0.053591977804899216,0.003688371041789651
8387.1826171875,0.05342657491564751,0.003680145600810647
8397.94921875,0.05326065793633461,0.003671898040920496
8408.7158203125,0.05309421569108963,0.003663635114207864
8419.482421875,0.052927255630493164,0.003655349602922797
8430.2490234375,0.05275975912809372,0.003647046396508813
8441.015625,0.05259174108505249,0.003638726891949773
8451.7822265625,0.05242316424846649,0.0036303855013102293
8462.548828125,0.05225406587123871,0.0036220259498804808
8473.3154296875,0.052122872322797775,0.0036141215823590755
8484.08203125,0.052021484822034836,0.0036065694876015186
8494.8486328125,0.05191989615559578,0.003598997835069895
8505.615234375,0.05181810259819031,0.003591417334973812
8516.3818359375,0.05171612277626991,0.003583819605410099
8527.1484375,0.051613930612802505,0.003576202318072319
8537.9150390625,0.05151153728365898,0.0035685691982507706
8548.681640625,0.05140893906354904,0.00356092257425189
8559.4482421875,0.05130613595247269,0.0035532598849385977
8570.21484375,0.051203131675720215,0.0035455774050205946
8580.9814453125,0.05109991878271103,0.003537883283570409
8591.748046875,0.05099649354815483,0.0035301668103784323
8602.5146484375,0.05089285969734192,0.0035224356688559055
8613.28125,0.050789013504981995,0.0035146852023899555
8624.0478515625,0.05068494752049446,0.003506919601932168
8634.814453125,0.050580672919750214,0.003499135375022888
8645.5810546875,0.050476185977458954,0.0034913383424282074
8656.34765625,0.05037148669362068,0.0034835210535675287
8667.1142578125,0.0502665638923645,0.0034756860695779324
8677.880859375,0.050161417573690414,0.0034678298979997635
8688.6474609375,0.050056058913469315,0.0034599625505506992
8699.4140625,0.04995047301054001,0.003452072385698557
8710.1806640625,0.049844659864902496,0.003444165689870715
8720.947265625,0.049738626927137375,0.0034362422302365303
8731.7138671875,0.04963236674666405,0.003428300144150853
8742.48046875,0.049525871872901917,0.003420337336137891
8753.2470703125,0.04941915348172188,0.003412355203181505
8764.013671875,0.04931220784783363,0.003404359333217144
8774.7802734375,0.04920502007007599,0.00339633971452713
8785.546875,0.049097608774900436,0.0033883019350469112
8796.3134765625,0.04898994415998459,0.003380244830623269
8807.080078125,0.04888206720352173,0.0033721723593771458
8817.8466796875,0.04877393692731857,0.0033640761394053698
8828.61328125,0.04866557568311691,0.003355961060151458
8839.3798828125,0.04855696111917496,0.0033478299155831337
8850.146484375,0.0484481118619442,0.0033396733924746513
8860.9130859375,0.04833901301026344,0.003331502666696906
8871.6796875,0.04822966828942299,0.00332330958917737
8882.4462890625,0.04812007024884224,0.003315094392746687
8893.212890625,0.04801023378968239,0.0033068617340177298
8903.9794921875,0.04790014028549194,0.003298606723546982
8914.74609375,0.047789786010980606,0.0032903312239795923
8925.5126953125,0.04767918586730957,0.0032820343039929867
8936.279296875,0.04765651747584343,0.0032756098080426455
8947.0458984375,0.0476405993103981,0.003269315231591463
8957.8125,0.047624677419662476,0.00326301041059196
8968.5791015625,0.047608762979507446,0.0032566923182457685
8979.345703125,0.04759282246232033,0.003250363515689969
8990.1123046875,0.04757688567042351,0.003244021674618125
9000.87890625,0.04756094142794609,0.0032376660965383053
9011.6455078125,0.047544997185468674,0.0032312986440956593
9022.412109375,0.04752904549241066,0.0032249202486127615
9033.1787109375,0.04751308262348175,0.003218525554984808
9043.9453125,0.04749711975455284,0.0032121222466230392
9054.7119140625,0.04748115316033363,0.0032057026401162148
9065.478515625,0.04746517911553383,0.003199275117367506
9076.2451171875,0.04744919762015343,0.0031928298994898796
9087.01171875,0.047433216124773026,0.003186373505741358
9097.7783203125,0.04741722717881203,0.0031799061689525843
9108.544921875,0.04740123078227043,0.0031734213698655367
9119.3115234375,0.047385238111019135,0.003166928654536605
9130.078125,0.04736922308802605,0.0031604142859578133
9140.8447265625,0.047353215515613556,0.0031538940966129303
9151.611328125,0.04733719304203987,0.003147354582324624
9162.3779296875,0.047321174293756485,0.0031408059876412153
9173.14453125,0.0473051443696022,0.0031342441216111183
9183.9111328125,0.04728911072015762,0.0031276640947908163
9194.677734375,0.04727307707071304,0.0031210752204060555
9205.4443359375,0.04725703224539757,0.0031144684180617332
9216.2109375,0.047240983694791794,0.003107849508523941
9226.9775390625,0.047224923968315125,0.0031012161634862423
9237.744140625,0.047208864241838455,0.0030945674516260624
9248.5107421875,0.04719280079007149,0.0030879047699272633
9259.27734375,0.047176722437143326,0.0030812278855592012
9270.0439453125,0.04716064780950546,0.0030745381955057383
9280.810546875,0.047144565731287,0.003067833138629794
9291.5771484375,0.047128479927778244,0.0030611136462539434
9302.34375,0.04711239039897919,0.0030543762259185314
9313.1103515625,0.04709628224372864,0.003047625534236431
9323.876953125,0.04708017781376839,0.003040861338376999
9334.6435546875,0.04706406965851784,0.003034082241356373
9345.41015625,0.04704795405268669,0.0030272884760051966
9356.1767578125,0.047031842172145844,0.00302047748118639
9366.943359375,0.047015707939863205,0.0030136513523757458
9377.7099609375,0.046999573707580566,0.0030068077612668276
9388.4765625,0.04698343947529793,0.002999952994287014
9399.2431640625,0.04696729779243469,0.0029930807650089264
9410.009765625,0.04695115238428116,0.0029861924704164267
9420.7763671875,0.0469428226351738,0.002978721633553505
9431.54296875,0.04693461209535599,0.0029712242539972067
9442.3095703125,0.04692639410495758,0.002963708247989416
9453.076171875,0.046918172389268875,0.0029561705887317657
9463.8427734375,0.046909965574741364,0.0029486140701919794
9474.609375,0.04690174385905266,0.0029410410206764936
9485.3759765625,0.04689352214336395,0.002933446317911148
9496.142578125,0.04688530042767525,0.00292583042755723
9506.9091796875,0.04687708243727684,0.0029181991703808308
9517.67578125,0.046868856996297836,0.002910546725615859
9528.4423828125,0.04686063155531883,0.0029028698336333036
9539.208984375,0.04685240238904953,0.002895174315199256
9549.9755859375,0.046844176948070526,0.002887460868805647
9560.7421875,0.04683595150709152,0.0028797253035008907
9571.5087890625,0.04682771861553192,0.0028719701804220676
9582.275390625,0.04681948572397232,0.002864191774278879
9593.0419921875,0.04681125283241272,0.0028563947416841984
9603.80859375,0.04680301621556282,0.0028485730290412903
9614.5751953125,0.04679477587342262,0.0028407308273017406
9625.341796875,0.04678654670715332,0.0028328695334494114
9636.1083984375,0.046778302639722824,0.002824983559548855
9646.875,0.04677005857229233,0.002817076863721013
9657.6416015625,0.04676181450486183,0.002809145487844944
9668.408203125,0.046753574162721634,0.0028011964168399572
9679.1748046875,0.046745333820581436,0.002793222200125456
9689.94140625,0.04673708230257034,0.0027852237690240145
9700.7080078125,0.04672883450984955,0.0027772041503340006
9711.474609375,0.04672057926654816,0.0027691589202731848
9722.2412109375,0.04671233892440796,0.0027610943652689457
9733.0078125,0.04670408368110657,0.0027530028019100428
9743.7744140625,0.04669582471251488,0.0027448884211480618
9754.541015625,0.046687569469213486,0.002736747032031417
9765.3076171875,0.04667931795120239,0.002728586085140705
9776.07421875,0.046671062707901,0.0027204006910324097
9786.8408203125,0.046662792563438416,0.0027121873572468758
9797.607421875,0.046654533594846725,0.0027039521373808384
9808.3740234375,0.04664626717567444,0.00269568944349885
9819.140625,0.04663800075650215,0.0026874023023992777
9829.9072265625,0.04662974178791046,0.0026790881529450417
9840.673828125,0.046621471643447876,0.0026707486249506474
9851.4404296875,0.04661320894956589,0.0026623839512467384
9862.20703125,0.046604931354522705,0.0026539922691881657
9872.9736328125,0.04659666121006012,0.0026455733459442854
9883.740234375,0.04658839479088783,0.0026371299754828215
9894.5068359375,0.046580106019973755,0.002628657268360257
9905.2734375,0.046571843326091766,0.0026201591826975346
9916.0400390625,0.04656355828046799,0.0026116319932043552
9926.806640625,0.04676980897784233,0.002611786127090454
9937.5732421875,0.04711415618658066,0.0026176099199801683
9948.33984375,0.04745599627494812,0.0026234243996441364
9959.1064453125,0.04779540002346039,0.002629226306453347
9969.873046875,0.04813240468502045,0.0026350144762545824
9980.6396484375,0.04846707358956337,0.0026407900732010603
9991.40625,0.048799436539411545,0.0026465521659702063
10002.1728515625,0.049129556864500046,0.002652302384376526
10012.939453125,0.049457479268312454,0.0026580416597425938
10023.7060546875,0.04978323355317116,0.0026637662667781115
10034.47265625,0.050106875598430634,0.0026694799307733774
10045.2392578125,0.05042843893170357,0.0026751814875751734
10056.005859375,0.05074796453118324,0.002680869773030281
10066.7724609375,0.051065489649772644,0.002686546416953206
10077.5390625,0.051381055265665054,0.0026922125834971666
10088.3056640625,0.05169469490647316,0.0026978650130331516
10099.072265625,0.05200643464922905,0.0027035067323595285
10109.8388671875,0.052316322922706604,0.00270913471467793
10120.60546875,0.05262438580393791,0.002714752685278654
10131.3720703125,0.05293065682053566,0.0027203585486859083
10142.138671875,0.053235165774822235,0.0027259530033916235
10152.9052734375,0.053537942469120026,0.0027315360493957996
10163.671875,0.05383901670575142,0.0027371093165129423
10174.4384765625,0.0541384220123291,0.0027426688466221094
10185.205078125,0.05443616956472397,0.0027482176665216684
10195.9716796875,0.0547323040664196,0.0027537578716874123
10206.73828125,0.05502684414386749,0.002759284805506468
10217.5048828125,0.05531981587409973,0.0027647993993014097
10228.271484375,0.05561124160885811,0.002770303515717387
10239.0380859375,0.05590114742517471,0.0027757990173995495
10249.8046875,0.05618956685066223,0.002781282179057598
10260.5712890625,0.05647650361061096,0.0027867546305060387
10271.337890625,0.05676199495792389,0.002792216604575515
10282.1044921875,0.057046059519052505,0.0027976674027740955
10292.87109375,0.05732870474457741,0.00280310632660985
10303.6376953125,0.057609979063272476,0.0028085371013730764
10314.404296875,0.057889871299266815,0.0028139562346041203
10325.1708984375,0.058168429881334305,0.0028193658217787743
10335.9375,0.058445654809474945,0.002824763534590602
10346.7041015625,0.05872156843543053,0.0028301517013460398
10357.470703125,0.05899619683623314,0.002835530089214444
10368.2373046875,0.059269554913043976,0.0028408989310264587
10379.00390625,0.059541650116443634,0.0028462561313062906
10389.7705078125,0.0598125122487545,0.0028516033198684454
10400.537109375,0.06008215248584747,0.0028569407295435667
10411.3037109375,0.06035059317946434,0.0028622690588235855
10422.0703125,0.0606178380548954,0.0028675857465714216
10432.8369140625,0.060883909463882446,0.002872896147891879
10443.603515625,0.06114882230758667,0.0028781939763575792
10454.3701171875,0.06141260266304016,0.0028834817931056023
10465.13671875,0.06111852824687958,0.0028672609478235245
10475.9033203125,0.0605279915034771,0.002839555498212576
10486.669921875,0.05993164703249931,0.002811581129208207
10497.4365234375,0.05932930111885071,0.0027833208441734314
10508.203125,0.05872077867388725,0.0027547746431082487
10518.9697265625,0.05810588225722313,0.002725927857682109
10529.736328125,0.05748441442847252,0.0026967721059918404
10540.5029296875,0.056856151670217514,0.0026672985404729843
10551.26953125,0.05622087046504021,0.002637496218085289
10562.0361328125,0.0555783212184906,0.00260735210031271
10572.802734375,0.054928258061409,0.0025768557097762823
10583.5693359375,0.054270412772893906,0.0025459937751293182
10594.3359375,0.05360448732972145,0.002514753257855773
10605.1025390625,0.05293019860982895,0.002483120420947671
10615.869140625,0.052247192710638046,0.0024510773364454508
10626.6357421875,0.05155515670776367,0.0024186118971556425
10637.40234375,0.05085369199514389,0.00238570524379611
10648.1689453125,0.05014241114258766,0.002352336421608925
10658.935546875,0.04942090064287186,0.002318487735465169
10669.7021484375,0.048688698559999466,0.0022841375321149826
10680.46875,0.04794532060623169,0.0022492643911391497
10691.2353515625,0.04719022288918495,0.0022138403728604317
10702.001953125,0.04642285779118538,0.002177840331569314
10712.7685546875,0.04564258083701134,0.00214123516343534
10723.53515625,0.0448487363755703,0.00210399366915226
10734.3017578125,0.04404058679938316,0.0020660811569541693
10745.068359375,0.04321732744574547,0.0020274596754461527
10755.8349609375,0.042378075420856476,0.0019880880136042833
10766.6015625,0.04152185842394829,0.001947919838130474
10777.3681640625,0.04064761847257614,0.0019069059053435922
10788.134765625,0.03975415602326393,0.001864991383627057
10798.9013671875,0.038840144872665405,0.0018221121281385422
10809.66796875,0.03790409862995148,0.0017781989881768823
10820.4345703125,0.03694434463977814,0.0017331733833998442
10831.201171875,0.03595899045467377,0.0016869483515620232
10841.9677734375,0.034945856779813766,0.001639418420381844
10852.734375,0.03390246257185936,0.0015904700849205256
10863.5009765625,0.03282591700553894,0.0015399656258523464
10874.267578125,0.0317128449678421,0.0014877482317388058
10885.0341796875,0.03055926412343979,0.0014336304739117622
10895.80078125,0.029360389336943626,0.0013773873215541244
10906.5673828125,0.028110435232520103,0.0013187481090426445
10917.333984375,0.026802243664860725,0.0012573766289278865
10928.1005859375,0.025426845997571945,0.001192852621898055
10938.8671875,0.023972660303115845,0.0011246321955695748
10949.6337890625,0.02242436818778515,0.00105199683457613
10960.400390625,0.020760929211974144,0.000973959919065237
10971.1669921875,0.01895204931497574,0.0008890994940884411
10981.93359375,0.01695123128592968,0.0007952350424602628
10992.7001953125,0.014680194668471813,0.0006886936607770622
11003.466796875,0.011986330151557922,0.0005623160977847874
11014.2333984375,0.00847561564296484,0.0003976175212301314
11025.0,0.0,0.0
