freq_hz,data_mean,model_mean,pca_filtered_mean
0.0,4.012538745712391e-09,1.9647521387611278e-09,3.3417648648281784e-09
10.7666015625,0.23487213253974915,0.07447263598442078,0.1303134709596634
21.533203125,0.3321593701839447,0.10532021522521973,0.1842910796403885
32.2998046875,0.4068104922771454,0.12899038195610046,0.22570954263210297
43.06640625,0.4697442650794983,0.14894527196884155,0.2606269419193268
53.8330078125,0.5061708688735962,0.16217339038848877,0.2834835946559906
64.599609375,0.4810991883277893,0.1612998992204666,0.280704140663147
75.3662109375,0.4546469449996948,0.16042165458202362,0.2777976989746094
86.1328125,0.4265575408935547,0.15953856706619263,0.2747509181499481
96.8994140625,0.3964829742908478,0.15865056216716766,0.27154606580734253
107.666015625,0.3855646848678589,0.16290464997291565,0.27737316489219666
118.4326171875,0.3961523473262787,0.17209742963314056,0.29176515340805054
129.19921875,0.4064643085002899,0.18082350492477417,0.3051438629627228
139.9658203125,0.41652101278305054,0.18914739787578583,0.317710816860199
150.732421875,0.4263404905796051,0.19712010025978088,0.3296031951904297
161.4990234375,0.44396331906318665,0.20366962254047394,0.3401245176792145
172.265625,0.46364709734916687,0.20962704718112946,0.3494938910007477
183.0322265625,0.4825284481048584,0.21541978418827057,0.35812443494796753
193.798828125,0.5006983280181885,0.22106075286865234,0.3661401867866516
204.5654296875,0.5182316303253174,0.22656135261058807,0.37362220883369446
215.33203125,0.5314468741416931,0.2280787229537964,0.374715119600296
226.0986328125,0.5442732572555542,0.22951440513134003,0.3753319978713989
236.865234375,0.5568042397499084,0.23094122111797333,0.37560662627220154
247.6318359375,0.569059431552887,0.23235930502414703,0.37554940581321716
258.3984375,0.5744767785072327,0.23219932615756989,0.3726431429386139
269.1650390625,0.5571045279502869,0.226617231965065,0.3607027232646942
279.931640625,0.5391728281974792,0.22089411318302155,0.3481355607509613
290.6982421875,0.5206239223480225,0.21501873433589935,0.33483320474624634
301.46484375,0.5013892650604248,0.20897828042507172,0.32064318656921387
312.2314453125,0.48033109307289124,0.2024765908718109,0.30679741501808167
322.998046875,0.45706918835639954,0.19543389976024628,0.29375091195106506
333.7646484375,0.43255814909935,0.1881278157234192,0.2799333333969116
344.53125,0.4065721929073334,0.1805262714624405,0.2651836574077606
355.2978515625,0.37880778312683105,0.17259027063846588,0.2492678016424179
366.064453125,0.3599841594696045,0.1664421409368515,0.23824551701545715
376.8310546875,0.344647616147995,0.16093581914901733,0.2291267365217209
387.59765625,0.3285960853099823,0.15523430705070496,0.21950501203536987
398.3642578125,0.31171905994415283,0.1493152529001236,0.20928114652633667
409.130859375,0.29387444257736206,0.1431516706943512,0.19831348955631256
419.8974609375,0.28772616386413574,0.14047718048095703,0.19430947303771973
430.6640625,0.2819284498691559,0.13789385557174683,0.1904153823852539
441.4306640625,0.27600911259651184,0.13526120781898499,0.18632689118385315
452.197265625,0.2699599266052246,0.13257630169391632,0.18201589584350586
462.9638671875,0.26563015580177307,0.1302272528409958,0.17833545804023743
473.73046875,0.2682580351829529,0.12933263182640076,0.17784462869167328
484.4970703125,0.27086034417152405,0.1284317523241043,0.17724120616912842
495.263671875,0.2734379470348358,0.1275245100259781,0.17652098834514618
506.0302734375,0.27599138021469116,0.12661074101924896,0.17567649483680725
516.796875,0.2813342809677124,0.1262233853340149,0.17604269087314606
527.5634765625,0.2898566424846649,0.12647360563278198,0.1778947412967682
538.330078125,0.2981353998184204,0.1267232745885849,0.17962981760501862
549.0966796875,0.3061904013156891,0.126972496509552,0.18125559389591217
559.86328125,0.3140389621257782,0.1272212415933609,0.18277715146541595
570.6298828125,0.31695669889450073,0.12715308368206024,0.1839228719472885
581.396484375,0.31781303882598877,0.12694892287254333,0.1848900467157364
592.1630859375,0.3186670243740082,0.12674444913864136,0.18580536544322968
602.9296875,0.3195187449455261,0.12653964757919312,0.1866704821586609
613.6962890625,0.320368230342865,0.12633450329303741,0.1874864399433136
624.462890625,0.31679287552833557,0.12589098513126373,0.18730522692203522
635.2294921875,0.31291642785072327,0.1254321038722992,0.1870523989200592
645.99609375,0.30899131298065186,0.12497152388095856,0.18678350746631622
656.7626953125,0.3050157427787781,0.12450925260782242,0.18649835884571075
667.529296875,0.3012755513191223,0.12393466383218765,0.1859235316514969
678.2958984375,0.2987217307090759,0.1228853315114975,0.18416741490364075
689.0625,0.29614588618278503,0.12182695418596268,0.18238240480422974
699.8291015625,0.2935473620891571,0.1207592785358429,0.1805669665336609
710.595703125,0.2909257411956787,0.11968212574720383,0.17871952056884766
721.3623046875,0.28879672288894653,0.11871222406625748,0.17701338231563568
732.12890625,0.2873227298259735,0.11788661777973175,0.17550650238990784
742.8955078125,0.28584110736846924,0.11705519258975983,0.17397454380989075
753.662109375,0.2843518555164337,0.11621785163879395,0.1724163144826889
764.4287109375,0.28285473585128784,0.11537439376115799,0.17083029448986053
775.1953125,0.2803550660610199,0.11467878520488739,0.16964596509933472
785.9619140625,0.27736321091651917,0.1140512228012085,0.16864284873008728
796.728515625,0.2743387520313263,0.11342021077871323,0.16762101650238037
807.4951171875,0.27128055691719055,0.11278564482927322,0.16657967865467072
818.26171875,0.2681874632835388,0.1121474951505661,0.16551794111728668
829.0283203125,0.26760008931159973,0.11191752552986145,0.16531668603420258
839.794921875,0.2672104239463806,0.11171940714120865,0.16516512632369995
850.5615234375,0.26682034134864807,0.11152099817991257,0.1649942845106125
861.328125,0.26642945408821106,0.11132217198610306,0.16480377316474915
872.0947265625,0.2661307454109192,0.11105044931173325,0.16451847553253174
882.861328125,0.26627519726753235,0.11042863130569458,0.16384705901145935
893.6279296875,0.2664196193218231,0.10980332642793655,0.1631460040807724
904.39453125,0.2665640115737915,0.1091744601726532,0.16241450607776642
915.1611328125,0.26670828461647034,0.10854192823171616,0.161651611328125
925.927734375,0.26638108491897583,0.10764914005994797,0.16047561168670654
936.6943359375,0.2653953731060028,0.10638780146837234,0.1587299406528473
947.4609375,0.2644059658050537,0.10511131584644318,0.15693922340869904
958.2275390625,0.26341283321380615,0.10381913930177689,0.15510033071041107
968.994140625,0.26241594552993774,0.10251068323850632,0.1532096564769745
979.7607421875,0.26087793707847595,0.10105022042989731,0.1510467380285263
990.52734375,0.2590562403202057,0.09949874132871628,0.14872266352176666
1001.2939453125,0.25722160935401917,0.0979226604104042,0.14634519815444946
1012.060546875,0.25537389516830444,0.09632084518671036,0.14391019940376282
1022.8271484375,0.2535126805305481,0.09469190239906311,0.1414126455783844
1033.59375,0.2522507607936859,0.09352343529462814,0.13964331150054932
1044.3603515625,0.251125305891037,0.09245476871728897,0.13802959024906158
1055.126953125,0.24999476969242096,0.09137362241744995,0.1363895684480667
1065.8935546875,0.24885910749435425,0.09027951955795288,0.1347218155860901
1076.66015625,0.2477182149887085,0.08917197585105896,0.133024662733078
1087.4267578125,0.24669502675533295,0.08833775669336319,0.13181546330451965
1098.193359375,0.2457335889339447,0.08765032887458801,0.13087143003940582
1108.9599609375,0.24476835131645203,0.08695745468139648,0.12991876900196075
1119.7265625,0.24379928410053253,0.08625902980566025,0.12895719707012177
1130.4931640625,0.24282638728618622,0.08555490523576736,0.12798646092414856
1141.259765625,0.24193324148654938,0.08498990535736084,0.12725739181041718
1152.0263671875,0.24134957790374756,0.08496268093585968,0.12745851278305054
1162.79296875,0.24076443910598755,0.08493544906377792,0.12765681743621826
1173.5595703125,0.2401779145002365,0.08490820974111557,0.12785236537456512
1184.326171875,0.2395898997783661,0.08488094061613083,0.12804512679576874
1195.0927734375,0.23900048434734344,0.08485369384288788,0.1282351166009903
1205.859375,0.23868541419506073,0.0848989486694336,0.12860460579395294
1216.6259765625,0.2386726588010788,0.08502364903688431,0.1291680783033371
1227.392578125,0.2386598438024521,0.0851481631398201,0.1297246366739273
1238.1591796875,0.23864707350730896,0.08527250587940216,0.1302744597196579
1248.92578125,0.23863424360752106,0.0853966474533081,0.13081763684749603
1259.6923828125,0.23862142860889435,0.08552061021327972,0.13135433197021484
1270.458984375,0.23890884220600128,0.08550085872411728,0.13163630664348602
1281.2255859375,0.2395908534526825,0.08529132604598999,0.1315867006778717
1291.9921875,0.2402709424495697,0.08508126437664032,0.13153401017189026
1302.7587890625,0.2409490942955017,0.08487068861722946,0.13147830963134766
1313.525390625,0.2416253536939621,0.08465959876775742,0.13141953945159912
1324.2919921875,0.24229973554611206,0.0844479575753212,0.13135771453380585
1335.05859375,0.24296094477176666,0.08422591537237167,0.13126175105571747
1345.8251953125,0.24343693256378174,0.08384140580892563,0.13065573573112488
1356.591796875,0.24391202628612518,0.08345512300729752,0.13004466891288757
1367.3583984375,0.24438613653182983,0.08306702971458435,0.12942837178707123
1378.125,0.24485938251018524,0.08267714083194733,0.12880681455135345
1388.8916015625,0.24533167481422424,0.08228538185358047,0.12817974388599396
1399.658203125,0.245803102850914,0.08189176023006439,0.12754707038402557
1410.4248046875,0.24601949751377106,0.08139157295227051,0.12667495012283325
1421.19140625,0.24573972821235657,0.08068247884511948,0.1253337264060974
1431.9580078125,0.2454596906900406,0.07996710389852524,0.12397473305463791
1442.724609375,0.24517931044101715,0.07924526184797287,0.1225971058011055
1453.4912109375,0.24489860236644745,0.07851678878068924,0.12120005488395691
1464.2578125,0.24461756646633148,0.07778149098157883,0.11978257447481155
1475.0244140625,0.24433624744415283,0.07703918218612671,0.11834370344877243
1485.791015625,0.24370837211608887,0.07635045796632767,0.11698554456233978
1496.5576171875,0.24206645786762238,0.07583364844322205,0.11591115593910217
1507.32421875,0.24041345715522766,0.07531332224607468,0.11482373625040054
1518.0908203125,0.23874899744987488,0.0747893899679184,0.11372270435094833
1528.857421875,0.23707281053066254,0.07426173985004425,0.11260752379894257
1539.6240234375,0.23538467288017273,0.07373030483722687,0.1114775538444519
1550.390625,0.23368439078330994,0.07319502532482147,0.1103321835398674
1561.1572265625,0.2319715917110443,0.07265579700469971,0.10917069017887115
1571.923828125,0.22958503663539886,0.07231178134679794,0.1084209531545639
1582.6904296875,0.22699406743049622,0.07201960682868958,0.1077795922756195
1593.45703125,0.22437326610088348,0.07172628492116928,0.10713312774896622
1604.2236328125,0.22172139585018158,0.0714317187666893,0.10648125410079956
1614.990234375,0.2190374732017517,0.07113595306873322,0.10582395642995834
1625.7568359375,0.21632026135921478,0.07083895057439804,0.10516104102134705
1636.5234375,0.21356847882270813,0.07054069638252258,0.10449235886335373
1647.2900390625,0.21078075468540192,0.07024116814136505,0.10381774604320526
1658.056640625,0.2095487266778946,0.07025852054357529,0.10376809537410736
1668.8232421875,0.2084539532661438,0.07030459493398666,0.10377474874258041
1679.58984375,0.20735342800617218,0.07035063207149506,0.1037808358669281
1690.3564453125,0.20624704658985138,0.07039666175842285,0.10378632694482803
1701.123046875,0.20513466000556946,0.07044265419244766,0.10379122197628021
1711.8896484375,0.20401626825332642,0.07048861682415009,0.10379557311534882
1722.65625,0.20289167761802673,0.07053454965353012,0.10379932075738907
1733.4228515625,0.20176081359386444,0.07058044523000717,0.10380245745182037
1744.189453125,0.20126895606517792,0.07063600420951843,0.1039251759648323
1754.9560546875,0.2011743038892746,0.07069748640060425,0.10412023216485977
1765.72265625,0.20107953250408173,0.07075890153646469,0.10431317985057831
1776.4892578125,0.20098479092121124,0.07082028687000275,0.10450413078069687
1787.255859375,0.20088991522789001,0.07088159024715424,0.1046929880976677
1798.0224609375,0.20079505443572998,0.07094286382198334,0.10487990826368332
1808.7890625,0.20070013403892517,0.07100407779216766,0.10506486892700195
1819.5556640625,0.20060515403747559,0.07106523960828781,0.1052478775382042
1830.322265625,0.20051021873950958,0.07112635672092438,0.1054290160536766
1841.0888671875,0.2003895789384842,0.07116539031267166,0.10569559037685394
1851.85546875,0.20026500523090363,0.07120110839605331,0.10597113519906998
1862.6220703125,0.20014043152332306,0.07123683393001556,0.10624265670776367
1873.388671875,0.20001575350761414,0.07127252966165543,0.10651016235351562
1884.1552734375,0.19989100098609924,0.07130821794271469,0.10677378624677658
1894.921875,0.1997661292552948,0.07134386152029037,0.10703355073928833
1905.6884765625,0.19964127242565155,0.07137951254844666,0.10728964954614639
1916.455078125,0.19951631128787994,0.07141514122486115,0.10754209011793137
1927.2216796875,0.1993912011384964,0.07145073264837265,0.10779090970754623
1937.98828125,0.19882960617542267,0.07132434844970703,0.10780732333660126
1948.7548828125,0.19802722334861755,0.07110907882452011,0.1076953262090683
1959.521484375,0.19722169637680054,0.07089319080114365,0.10757986456155777
1970.2880859375,0.1964128166437149,0.07067662477493286,0.10746080428361893
1981.0546875,0.19560056924819946,0.07045938819646835,0.10733812302350998
1991.8212890625,0.1947849541902542,0.07024148851633072,0.10721179842948914
2002.587890625,0.193965882062912,0.07002289593219757,0.10708179324865341
2013.3544921875,0.19314338266849518,0.0698036327958107,0.10694807767868042
2024.12109375,0.19231738150119781,0.06958369165658951,0.10681057721376419
2034.8876953125,0.19148772954940796,0.06936301290988922,0.10666918754577637
2045.654296875,0.19086164236068726,0.06910624355077744,0.10639620572328568
2056.4208984375,0.1902504712343216,0.06884560734033585,0.10610952228307724
2067.1875,0.18963733315467834,0.06858398765325546,0.10581953078508377
2077.9541015625,0.18902213871479034,0.0683213397860527,0.10552611947059631
2088.720703125,0.18840499222278595,0.06805770099163055,0.10522928088903427
2099.4873046875,0.1877858191728592,0.06779303401708603,0.10492892563343048
2110.25390625,0.1871645748615265,0.06752731651067734,0.10462495684623718
2121.0205078125,0.18654128909111023,0.06726056337356567,0.104317307472229
2131.787109375,0.18591587245464325,0.06699273735284805,0.1040058508515358
2142.5537109375,0.18528833985328674,0.06672384589910507,0.10369051992893219
2153.3203125,0.18444234132766724,0.06645745038986206,0.10332761704921722
2164.0869140625,0.18348748981952667,0.06619171053171158,0.10294035822153091
2174.853515625,0.18252766132354736,0.06592489778995514,0.10254991054534912
2185.6201171875,0.18156273663043976,0.06565700471401215,0.10215619206428528
2196.38671875,0.18059273064136505,0.0653880164027214,0.10175919532775879
2207.1533203125,0.17961740493774414,0.06511789560317993,0.10135877132415771
2217.919921875,0.17863677442073822,0.06484666466712952,0.10095492005348206
2228.6865234375,0.17765076458454132,0.06457431614398956,0.10054757446050644
2239.453125,0.1766592264175415,0.06430079787969589,0.10013660788536072
2250.2197265625,0.175662100315094,0.06402609497308731,0.09972196072340012
2260.986328125,0.17465923726558685,0.06375022232532501,0.09930354356765747
2271.7529296875,0.1738724559545517,0.06360653042793274,0.09909027069807053
2282.51953125,0.1731155514717102,0.06348257511854172,0.09890676289796829
2293.2861328125,0.17235535383224487,0.063358373939991,0.09872177988290787
2304.052734375,0.17159174382686615,0.06323392689228058,0.09853529185056686
2314.8193359375,0.17082473635673523,0.06310922652482986,0.09834730625152588
2325.5859375,0.17005427181720734,0.06298428773880005,0.09815780073404312
2336.3525390625,0.1692803055047989,0.06285911053419113,0.09796681255102158
2347.119140625,0.1685027927160263,0.06273367255926132,0.09777428954839706
2357.8857421875,0.16772162914276123,0.06260796636343002,0.09758022427558899
2368.65234375,0.16693685948848724,0.06248203665018082,0.09738463163375854
2379.4189453125,0.1661483496427536,0.06235583499073982,0.09718747437000275
2390.185546875,0.16564659774303436,0.0622660368680954,0.09708255529403687
2400.9521484375,0.16546063125133514,0.062216099351644516,0.09707886725664139
2411.71875,0.16527439653873444,0.062166132032871246,0.09707431495189667
2422.4853515625,0.16508795320987701,0.0621161013841629,0.09706886112689972
2433.251953125,0.16490134596824646,0.062066059559583664,0.0970626026391983
2444.0185546875,0.164714515209198,0.06201596558094025,0.09705548733472824
2454.78515625,0.16452744603157043,0.06196582317352295,0.09704748541116714
2465.5517578125,0.16434019804000854,0.06191566213965416,0.09703867137432098
2476.318359375,0.16415268182754517,0.061865437775850296,0.09702897816896439
2487.0849609375,0.16396498680114746,0.06181517243385315,0.09701846539974213
2497.8515625,0.16377709805965424,0.061764877289533615,0.09700711071491241
2508.6181640625,0.1635889708995819,0.061714548617601395,0.09699494391679764
2519.384765625,0.16354620456695557,0.061662767082452774,0.09703799337148666
2530.1513671875,0.1636677086353302,0.061609361320734024,0.09714315086603165
2540.91796875,0.16378916800022125,0.06155591830611229,0.09724699705839157
2551.6845703125,0.16391050815582275,0.061502423137426376,0.09734950214624405
2562.451171875,0.1640317589044571,0.061448875814676285,0.09745070338249207
2573.2177734375,0.16415290534496307,0.06139528378844261,0.09755058586597443
2583.984375,0.16427399218082428,0.06134165823459625,0.0976492241024971
2594.7509765625,0.16439498960971832,0.06128796935081482,0.09774656593799591
2605.517578125,0.164515882730484,0.0612342394888401,0.09784264117479324
2616.2841796875,0.16463667154312134,0.06118046119809151,0.09793747961521149
2627.05078125,0.1647574007511139,0.06112664192914963,0.09803107380867004
2637.8173828125,0.1648780107498169,0.061072759330272675,0.09812342375516891
2648.583984375,0.16499857604503632,0.061018843203783035,0.09821457415819168
2659.3505859375,0.16515396535396576,0.06090571731328964,0.09829745441675186
2670.1171875,0.1653173714876175,0.06077847629785538,0.09837688505649567
2680.8837890625,0.1654806137084961,0.06065095216035843,0.09845444560050964
2691.650390625,0.16564373672008514,0.06052318215370178,0.09853020310401917
2702.4169921875,0.16580666601657867,0.060395125299692154,0.09860411286354065
2713.18359375,0.16596946120262146,0.060266803950071335,0.09867622703313828
2723.9501953125,0.16613207757472992,0.06013820320367813,0.09874653816223145
2734.716796875,0.16629453003406525,0.06000933051109314,0.09881508350372314
2745.4833984375,0.16645680367946625,0.05988016724586487,0.09888182580471039
2756.25,0.1666189730167389,0.059750743210315704,0.09894683212041855
2767.0166015625,0.16678094863891602,0.05962102860212326,0.09901008009910583
2777.783203125,0.1669427752494812,0.05949103832244873,0.09907157719135284
2788.5498046875,0.16710446774959564,0.05936076119542122,0.09913133829832077
2799.31640625,0.167194202542305,0.05919130891561508,0.09912341833114624
2810.0830078125,0.16720104217529297,0.058976348489522934,0.09903768450021744
2820.849609375,0.16720788180828094,0.058760590851306915,0.09895019978284836
2831.6162109375,0.16721469163894653,0.05854403227567673,0.0988609716296196
2842.3828125,0.1672215461730957,0.05832668021321297,0.09877002239227295
2853.1494140625,0.16722838580608368,0.05810851976275444,0.09867731481790543
2863.916015625,0.16723521053791046,0.05788951739668846,0.09858282655477524
2874.6826171875,0.16724205017089844,0.05766969174146652,0.09848657250404358
2885.44921875,0.1672488898038864,0.057449035346508026,0.09838853776454926
2896.2158203125,0.1672557294368744,0.057227522134780884,0.09828869253396988
2906.982421875,0.16726256906986237,0.0570051483809948,0.09818703681230545
2917.7490234375,0.16726939380168915,0.05678189918398857,0.09808354824781418
2928.515625,0.16727620363235474,0.056557752192020416,0.09797818213701248
2939.2822265625,0.16728302836418152,0.05633274093270302,0.09787095338106155
2950.048828125,0.1671721637248993,0.05610907822847366,0.09771259129047394
2960.8154296875,0.16688042879104614,0.05588800087571144,0.09747709333896637
2971.58203125,0.1665882021188736,0.05566604062914848,0.09724009782075882
2982.3486328125,0.1662953943014145,0.0554431788623333,0.09700154513120651
2993.115234375,0.16600215435028076,0.055219441652297974,0.09676149487495422
3003.8818359375,0.16570834815502167,0.05499478057026863,0.09651987254619598
3014.6484375,0.1654140204191208,0.05476919934153557,0.0962766706943512
3025.4150390625,0.1651192009449005,0.05454268679022789,0.09603187441825867
3036.181640625,0.16482385993003845,0.054315235465765,0.09578544646501541
3046.9482421875,0.16452792286872864,0.05408681184053421,0.09553735703229904
3057.71484375,0.16423147916793823,0.053857430815696716,0.09528760612010956
3068.4814453125,0.16393452882766724,0.05362706631422043,0.09503615647554398
3079.248046875,0.16363701224327087,0.05339570716023445,0.09478297829627991
3090.0146484375,0.16333898901939392,0.053163353353738785,0.09452806413173676
3100.78125,0.1630403846502304,0.05292995646595955,0.09427133947610855
3111.5478515625,0.16264210641384125,0.05272698029875755,0.09397738426923752
3122.314453125,0.1621655821800232,0.05254774168133736,0.0936543419957161
3133.0810546875,0.16168758273124695,0.05236786976456642,0.09332981705665588
3143.84765625,0.16120822727680206,0.052187394350767136,0.09300379455089569
3154.6142578125,0.16072741150856018,0.05200628563761711,0.09267626702785492
3165.380859375,0.16024518013000488,0.05182454362511635,0.09234720468521118
3176.1474609375,0.1597614586353302,0.05164216831326485,0.09201657027006149
3186.9140625,0.1592763066291809,0.05145915225148201,0.09168437123298645
3197.6806640625,0.15878964960575104,0.05127546563744545,0.09135054796934128
3208.447265625,0.15830151736736298,0.05109113082289696,0.09101510792970657
3219.2138671875,0.15781185030937195,0.05090612545609474,0.09067800641059875
3229.98046875,0.15732064843177795,0.05072043836116791,0.09033921360969543
3240.7470703125,0.15682794153690338,0.050534069538116455,0.08999871462583542
3251.513671875,0.15633364021778107,0.050347018986940384,0.08965647220611572
3262.2802734375,0.1558378040790558,0.0501592680811882,0.08931248635053635
3273.046875,0.15534040331840515,0.04997082054615021,0.08896670490503311
3283.8134765625,0.15482981503009796,0.04984794929623604,0.08866945654153824
3294.580078125,0.15431669354438782,0.04973005875945091,0.08837507665157318
3305.3466796875,0.1538018435239792,0.049611881375312805,0.08807957917451859
3316.11328125,0.1532852053642273,0.049493417143821716,0.08778293430805206
3326.8798828125,0.1527668535709381,0.04937467724084854,0.08748514950275421
3337.646484375,0.15224674344062805,0.04925564303994179,0.08718618750572205
3348.4130859375,0.15172483026981354,0.049136318266391754,0.08688604831695557
3359.1796875,0.15120115876197815,0.04901672527194023,0.08658473938703537
3369.9462890625,0.15067563951015472,0.04889681935310364,0.08628219366073608
3380.712890625,0.15014825761318207,0.04877661541104317,0.0859784185886383
3391.4794921875,0.14961904287338257,0.048656120896339417,0.08567341417074203
3402.24609375,0.14908795058727264,0.04853532835841179,0.08536714315414429
3413.0126953125,0.1485549658536911,0.04841424152255058,0.08505959808826447
3423.779296875,0.14802004396915436,0.04829283803701401,0.08475075662136078
3434.5458984375,0.1474831998348236,0.04817113280296326,0.08444060385227203
3445.3125,0.14694440364837646,0.04804913327097893,0.08412913233041763
3456.0791015625,0.14649192988872528,0.04792299494147301,0.08383515477180481
3466.845703125,0.14614954590797424,0.0477917417883873,0.08356373757123947
3477.6123046875,0.14580629765987396,0.047660112380981445,0.08329113572835922
3488.37890625,0.14546233415603638,0.04752813279628754,0.08301739394664764
3499.1455078125,0.14511749148368835,0.04739577695727348,0.08274242281913757
3509.912109375,0.14477184414863586,0.04726305231451988,0.0824662446975708
3520.6787109375,0.14442534744739532,0.047129955142736435,0.08218882977962494
3531.4453125,0.14407804608345032,0.04699648171663284,0.0819101631641388
3542.2119140625,0.14372991025447845,0.04686262831091881,0.08163022994995117
3552.978515625,0.14338091015815735,0.04672839492559433,0.08134899288415909
3563.7451171875,0.1430310755968094,0.04659377783536911,0.08106645196676254
3574.51171875,0.142680361866951,0.046458762139081955,0.08078256994485855
3585.2783203125,0.14232878386974335,0.046323344111442566,0.08049732446670532
3596.044921875,0.14197637140750885,0.046187542378902435,0.08021071553230286
3606.8115234375,0.14162303507328033,0.04605133831501007,0.07992268353700638
3617.578125,0.14126883447170258,0.045914724469184875,0.07963322848081589
3628.3447265625,0.14091373980045319,0.045777708292007446,0.0793423280119896
3639.111328125,0.1405581831932068,0.045635949820280075,0.07905406504869461
3649.8779296875,0.14020763337612152,0.04543164744973183,0.07882262766361237
3660.64453125,0.13985614478588104,0.045226406306028366,0.07858901470899582
3671.4111328125,0.13950380682945251,0.04502024129033089,0.07835320383310318
3682.177734375,0.13915057480335236,0.044813137501478195,0.07811509072780609
3692.9443359375,0.13879643380641937,0.04460505396127701,0.07787459343671799
3703.7109375,0.13844139873981476,0.04439599812030792,0.0776316374540329
3714.4775390625,0.13808545470237732,0.04418596252799034,0.07738613337278366
3725.244140625,0.13772858679294586,0.043974924832582474,0.07713796943426132
3736.0107421875,0.13737079501152039,0.04376286268234253,0.07688704133033752
3746.77734375,0.1370120644569397,0.04354976490139961,0.07663324475288391
3757.5439453125,0.1366523951292038,0.043335624039173126,0.07637644559144974
3768.310546875,0.1362917721271515,0.04312042146921158,0.07611652463674545
3779.0771484375,0.13593018054962158,0.04290413856506348,0.07585331052541733
3789.84375,0.13556763529777527,0.04268675297498703,0.07558667659759521
3800.6103515625,0.13520412147045135,0.04246826097369194,0.0753164291381836
3811.376953125,0.13483963906764984,0.04224864020943642,0.07504240423440933
3822.1435546875,0.13447414338588715,0.04202786833047867,0.07476436346769333
3832.91015625,0.13410767912864685,0.0418059341609478,0.07448209077119827
3843.6767578125,0.13349339365959167,0.04152439162135124,0.07428374141454697
3854.443359375,0.13279181718826294,0.041220903396606445,0.07411190867424011
3865.2099609375,0.13208657503128052,0.04091517627239227,0.0739365741610527
3875.9765625,0.13137748837471008,0.040607135742902756,0.07375752180814743
3886.7431640625,0.13066455721855164,0.04029673710465431,0.07357458770275116
3897.509765625,0.1299477517604828,0.03998393192887306,0.07338757067918777
3908.2763671875,0.129226952791214,0.03966866433620453,0.07319623976945877
3919.04296875,0.12850210070610046,0.03935086727142334,0.07300031930208206
3929.8095703125,0.12777315080165863,0.03903048858046532,0.07279954850673676
3940.576171875,0.12703999876976013,0.03870745003223419,0.0725935623049736
3951.3427734375,0.12630261480808258,0.03838169574737549,0.07238201797008514
3962.109375,0.12556089460849762,0.03805316239595413,0.07216446101665497
3972.8759765625,0.12481474876403809,0.03772175312042236,0.07194036990404129
3983.642578125,0.124064140021801,0.037387415766716,0.07170914858579636
3994.4091796875,0.1233089491724968,0.03705006092786789,0.07147004455327988
4005.17578125,0.12254910171031952,0.03670959547162056,0.07122214883565903
4015.9423828125,0.12178453058004379,0.03636595234274864,0.07096430659294128
4026.708984375,0.12101510912179947,0.03601903095841408,0.07069497555494308
4037.4755859375,0.12024076282978058,0.03566873073577881,0.0704120397567749
4048.2421875,0.1195671409368515,0.03532681241631508,0.07021927833557129
4059.0087890625,0.11902832984924316,0.03499716520309448,0.0701582133769989
4069.775390625,0.11848708987236023,0.03466438502073288,0.07009357213973999
4080.5419921875,0.11794335395097733,0.03432838246226311,0.07002522796392441
4091.30859375,0.11739712953567505,0.03398904949426651,0.0699530690908432
4102.0751953125,0.11684833467006683,0.03364631161093712,0.06987695395946503
4112.841796875,0.11629693955183029,0.03330002352595329,0.06979670375585556
4123.6083984375,0.11574292927980423,0.032950110733509064,0.06971216946840286
4134.375,0.11518623679876328,0.032596439123153687,0.06962312757968903
4145.1416015625,0.11462686210870743,0.03223888576030731,0.06952934712171555
4155.908203125,0.11406474560499191,0.03187732771039009,0.06943055242300034
4166.6748046875,0.11349982023239136,0.03151161968708038,0.06932642310857773
4177.44140625,0.11293209344148636,0.03114161267876625,0.06921659409999847
4188.2080078125,0.11236150562763214,0.030767163261771202,0.06910059601068497
4198.974609375,0.11178798228502274,0.03038809634745121,0.06897787749767303
4209.7412109375,0.11121150106191635,0.030004238709807396,0.06884773820638657
4220.5078125,0.1106320321559906,0.029615411534905434,0.06870929896831512
4231.2744140625,0.11004950106143951,0.02922140434384346,0.06856134533882141
4242.041015625,0.10946387052536011,0.02882201410830021,0.06840212643146515
4252.8076171875,0.10887511074542999,0.028417019173502922,0.06822894513607025
4263.57421875,0.10829519480466843,0.028016751632094383,0.06805579364299774
4274.3408203125,0.10786330699920654,0.027744155377149582,0.06810756027698517
4285.107421875,0.10742966085672379,0.027468834072351456,0.06815556436777115
4295.8740234375,0.10699422657489777,0.02719072811305523,0.06819982826709747
4306.640625,0.10655704140663147,0.026909753680229187,0.06824035942554474
4317.4072265625,0.10611806809902191,0.026625817641615868,0.06827714294195175
4328.173828125,0.10567724704742432,0.026338811963796616,0.06831011921167374
4338.9404296875,0.10523459315299988,0.026048650965094566,0.0683392658829689
4349.70703125,0.10479006171226501,0.02575521729886532,0.06836451590061188
4360.4736328125,0.10434363782405853,0.025458402931690216,0.06838580965995789
4371.240234375,0.10389530658721924,0.025158090516924858,0.06840305775403976
4382.0068359375,0.10344502329826355,0.0248541459441185,0.06841616332530975
4392.7734375,0.10299275070428848,0.024546436965465546,0.06842498481273651
4403.5400390625,0.10253851115703583,0.024234823882579803,0.0684293881058693
4414.306640625,0.10208224505186081,0.023919150233268738,0.06842920184135437
4425.0732421875,0.10162393003702164,0.023599255830049515,0.06842419505119324
4435.83984375,0.10116352885961533,0.023274963721632957,0.0684141218662262
4446.6064453125,0.10070104897022247,0.02294609323143959,0.06839866936206818
4457.373046875,0.10023641586303711,0.02261243388056755,0.06837740540504456
4468.1396484375,0.09976962953805923,0.022273782640695572,0.06834983825683594
4478.90625,0.09930063039064407,0.021929899230599403,0.06831522285938263
4489.6728515625,0.09882942587137222,0.021580539643764496,0.06827254593372345
4500.439453125,0.09846707433462143,0.021326953545212746,0.06831398606300354
4511.2060546875,0.09817428886890411,0.021135395392775536,0.06841041147708893
4521.97265625,0.09788057208061218,0.020942077040672302,0.06850354373455048
4532.7392578125,0.0975860059261322,0.020746959373354912,0.06859345734119415
4543.505859375,0.0972905308008194,0.020549988374114037,0.06868018954992294
4554.2724609375,0.09699416160583496,0.020351113751530647,0.06876377016305923
4565.0390625,0.0966968834400177,0.02015027403831482,0.06884421408176422
4575.8056640625,0.09639867395162582,0.019947413355112076,0.0689215362071991
4586.572265625,0.09609956294298172,0.019742470234632492,0.06899575144052505
4597.3388671875,0.0957995057106018,0.019535372033715248,0.06906682252883911
4608.10546875,0.09549850225448608,0.01932605542242527,0.06913474947214127
4618.8720703125,0.09519654512405396,0.019114449620246887,0.06919950991868973
4629.638671875,0.09489363431930542,0.018900472670793533,0.06926105171442032
4640.4052734375,0.09458977729082108,0.01868405193090439,0.06931936740875244
4651.171875,0.09428490698337555,0.018465088680386543,0.06937433034181595
4661.9384765625,0.09397906064987183,0.018243497237563133,0.06942588835954666
4672.705078125,0.09367220103740692,0.0180191807448864,0.06947392970323563
4683.4716796875,0.09336435794830322,0.01779204048216343,0.06951834261417389
4694.23828125,0.09305546432733536,0.017561955377459526,0.06955890357494354
4705.0048828125,0.0927455723285675,0.01732882671058178,0.06959545612335205
4715.771484375,0.09243462234735489,0.01709250919520855,0.06962756812572479
4726.5380859375,0.0921226441860199,0.016852883622050285,0.06965471059083939
4737.3046875,0.09180958569049835,0.01660979725420475,0.06967561691999435
4748.0712890625,0.09171125292778015,0.01649007573723793,0.06972811371088028
4758.837890625,0.09161614626646042,0.01637144573032856,0.06977970898151398
4769.6044921875,0.09152094274759293,0.01625194028019905,0.0698297768831253
4780.37109375,0.09142561256885529,0.016131551936268806,0.06987835466861725
4791.1376953125,0.09133020043373108,0.016010260209441185,0.06992548704147339
4801.904296875,0.09123468399047852,0.015888044610619545,0.06997115910053253
4812.6708984375,0.09113907814025879,0.01576487347483635,0.0700153335928917
4823.4375,0.09104335308074951,0.015640737488865852,0.07005806267261505
4834.2041015625,0.09094754606485367,0.01551560964435339,0.0700993612408638
4844.970703125,0.09085162729024887,0.015389462001621723,0.07013918459415436
4855.7373046875,0.09075561165809631,0.015262276865541935,0.0701775774359703
4866.50390625,0.0906594842672348,0.015134016051888466,0.0702144205570221
4877.2705078125,0.09056326001882553,0.015004660934209824,0.07024980336427689
4888.037109375,0.0904669463634491,0.014874184504151344,0.0702836886048317
4898.8037109375,0.09037052094936371,0.014742548577487469,0.07031597942113876
4909.5703125,0.09027396887540817,0.014609727077186108,0.07034668326377869
4920.3369140625,0.09017736464738846,0.014475692063570023,0.07037581503391266
4931.103515625,0.090080626308918,0.014340399764478207,0.07040328532457352
4941.8701171875,0.08998379111289978,0.014203820377588272,0.07042907178401947
4952.63671875,0.08988684415817261,0.014065914787352085,0.07045310735702515
4963.4033203125,0.08978977799415588,0.013926640152931213,0.07047534734010696
4974.169921875,0.08969264477491379,0.01378596667200327,0.07049574702978134
4984.9365234375,0.08959535509347916,0.013643830083310604,0.07051413506269455
4995.703125,0.08951359987258911,0.013509849086403847,0.07051775604486465
5006.4697265625,0.0895344465970993,0.013438495807349682,0.07043594866991043
5017.236328125,0.0895552858710289,0.013366763480007648,0.07035337388515472
5028.0029296875,0.0895761176943779,0.013294642791152,0.07027001678943634
5038.76953125,0.08959696441888809,0.013222133740782738,0.07018589973449707
5049.5361328125,0.08961781114339828,0.013149221427738667,0.07010094076395035
5060.302734375,0.08963862806558609,0.01307590026408434,0.07001513987779617
5071.0693359375,0.08965946733951569,0.01300217304378748,0.06992856413125992
5081.8359375,0.0896802768111229,0.012928019277751446,0.06984109431505203
5092.6025390625,0.0897010862827301,0.012853442691266537,0.0697527676820755
5103.369140625,0.08972190320491791,0.01277842465788126,0.06966353207826614
5114.1357421875,0.08974270522594452,0.01270296797156334,0.06957340240478516
5124.90234375,0.08976350724697113,0.012627058662474155,0.06948231160640717
5135.6689453125,0.08978430926799774,0.01255069114267826,0.06939026713371277
5146.435546875,0.08980508893728256,0.01247385423630476,0.06929722428321838
5157.2021484375,0.08982586860656738,0.012396536767482758,0.06920315325260162
5167.96875,0.0898466482758522,0.012318741530179977,0.06910807639360428
5178.7353515625,0.08986743539571762,0.012240452691912651,0.0690118819475174
5189.501953125,0.08988820016384125,0.01216165442019701,0.06891457736492157
5200.2685546875,0.08990895748138428,0.01208234392106533,0.06881606578826904
5211.03515625,0.0899297297000885,0.012002510949969292,0.0687163770198822
5221.8017578125,0.08995047956705093,0.011922144331037998,0.0686153918504715
5232.568359375,0.08997124433517456,0.011841231025755405,0.06851305812597275
5243.3349609375,0.0899919718503952,0.01175975613296032,0.06840920448303223
5254.1015625,0.09001271426677704,0.011677715927362442,0.06830389052629471
5264.8681640625,0.09003346413373947,0.011595104821026325,0.06819705665111542
5275.634765625,0.09006336331367493,0.01154826208949089,0.06804242730140686
5286.4013671875,0.09009338915348053,0.011501770466566086,0.06788556277751923
5297.16796875,0.09012339264154434,0.011455087922513485,0.06772704422473907
5307.9345703125,0.09015341103076935,0.011408215388655663,0.06756676733493805
5318.701171875,0.09018342196941376,0.011361147277057171,0.06740472465753555
5329.4677734375,0.09021340310573578,0.011313887313008308,0.06724091619253159
5340.234375,0.0902433767914772,0.01126642432063818,0.0670752003788948
5351.0009765625,0.09027335047721863,0.011218762025237083,0.06690756231546402
5361.767578125,0.09030329436063766,0.011170897632837296,0.06673796474933624
5372.5341796875,0.0903332456946373,0.011122822761535645,0.06656628847122192
5383.30078125,0.09036318957805634,0.011074545793235302,0.06639259308576584
5394.0673828125,0.09039311856031418,0.011026054620742798,0.06621666997671127
5404.833984375,0.09042303264141083,0.010977344587445259,0.06603846698999405
5415.6005859375,0.09045294672250748,0.010928425006568432,0.06585799157619476
5426.3671875,0.09048284590244293,0.010879283770918846,0.06567509472370148
5437.1337890625,0.0905127301812172,0.010829917155206203,0.06548965722322464
5447.900390625,0.09054261445999146,0.010780327022075653,0.06530161201953888
5458.6669921875,0.09057248383760452,0.010730505920946598,0.06511081755161285
5469.43359375,0.090602345764637,0.010680452920496464,0.0649171695113182
5480.2001953125,0.09063219279050827,0.010630165226757526,0.06472054868936539
5490.966796875,0.09066201746463776,0.010579635389149189,0.06452073901891708
5501.7333984375,0.09069185703992844,0.010528863407671452,0.06431761384010315
5512.5,0.09072166681289673,0.01047784835100174,0.06411103904247284
5523.2666015625,0.09075148403644562,0.010426582768559456,0.06390076130628586
5534.033203125,0.09078128635883331,0.010375060141086578,0.06368646770715714
5544.7998046875,0.09081105887889862,0.01032328326255083,0.06346799433231354
5555.56640625,0.09084990620613098,0.01027761772274971,0.06329315155744553
5566.3330078125,0.09089865535497665,0.010238775983452797,0.06316839158535004
5577.099609375,0.09094741940498352,0.01019978616386652,0.06304149329662323
5587.8662109375,0.09099612385034561,0.010160640813410282,0.06291237473487854
5598.6328125,0.09104481339454651,0.010121352970600128,0.06278111040592194
5609.3994140625,0.09109347313642502,0.01008190494030714,0.06264754384756088
5620.166015625,0.09114210307598114,0.010042309761047363,0.06251173466444016
5630.9326171875,0.09119071811437607,0.010002550669014454,0.06237351521849632
5641.69921875,0.0912393108010292,0.009962636977434158,0.06223286688327789
5652.4658203125,0.09128785878419876,0.00992256123572588,0.062089744955301285
5663.232421875,0.09133640676736832,0.009882324375212193,0.06194404140114784
5673.9990234375,0.09138491004705429,0.009841919876635075,0.061795674264431
5684.765625,0.09143339097499847,0.00980135053396225,0.06164458766579628
5695.5322265625,0.09148184210062027,0.009760614484548569,0.061490703374147415
5706.298828125,0.09153027832508087,0.009719707071781158,0.06133386492729187
5717.0654296875,0.09157869219779968,0.009678623639047146,0.061173971742391586
5727.83203125,0.09162706881761551,0.009637368842959404,0.061010923236608505
5738.5986328125,0.09167541563510895,0.009595933370292187,0.06084455922245979
5749.365234375,0.09172374755144119,0.009554320946335793,0.0606747604906559
5760.1318359375,0.09177204966545105,0.009512524120509624,0.06050129979848862
5770.8984375,0.09182032197713852,0.009470547549426556,0.060324057936668396
5781.6650390625,0.09186859428882599,0.009428378194570541,0.06014273315668106
5792.431640625,0.09191680699586868,0.00938602164387703,0.05995715782046318
5803.1982421875,0.09196500480175018,0.009343470446765423,0.05976700037717819
5813.96484375,0.09201318770647049,0.00930073019117117,0.059572022408246994
5824.7314453125,0.09206133335828781,0.009257792495191097,0.05937180295586586
5835.498046875,0.09210946410894394,0.009214652702212334,0.05916586145758629
5846.2646484375,0.09215755015611649,0.009171306155622005,0.05895369499921799
5857.03125,0.09217812120914459,0.009131119586527348,0.05883078649640083
5867.7978515625,0.09217426180839539,0.009093749336898327,0.05878997966647148
5878.564453125,0.09217040240764618,0.00905622262507677,0.05874716117978096
5889.3310546875,0.09216653555631638,0.009018538519740105,0.05870234966278076
5900.09765625,0.09216268360614777,0.008980699814856052,0.058655597269535065
5910.8642578125,0.09215882420539856,0.008942699991166592,0.05860685184597969
5921.630859375,0.09215495735406876,0.00890453439205885,0.05855600908398628
5932.3974609375,0.09215109795331955,0.008866210468113422,0.05850322172045708
5943.1640625,0.09214723855257034,0.008827717043459415,0.05844833701848984
5953.9306640625,0.09214338660240173,0.008789055049419403,0.058391373604536057
5964.697265625,0.09213952720165253,0.008750222623348236,0.058332279324531555
5975.4638671875,0.09213565289974213,0.00871121697127819,0.058271028101444244
5986.23046875,0.09213180840015411,0.008672037161886692,0.05820759758353233
5996.9970703125,0.09212793409824371,0.00863267295062542,0.05814184993505478
6007.763671875,0.0921240746974945,0.008593138307332993,0.05807391554117203
6018.5302734375,0.0921202152967453,0.008553414605557919,0.05800358206033707
6029.296875,0.0921163558959961,0.008513511158525944,0.05793089419603348
6040.0634765625,0.09211250394582748,0.008473413996398449,0.05785563215613365
6050.830078125,0.09210862964391708,0.008433125913143158,0.057777825742959976
6061.5966796875,0.09210476279258728,0.00839264690876007,0.05769738554954529
6072.36328125,0.09210091084241867,0.008351972326636314,0.05761418119072914
6083.1298828125,0.09209704399108887,0.008311097510159016,0.057528115808963776
6093.896484375,0.09209318459033966,0.008270020596683025,0.05743902549147606
6104.6630859375,0.09208932518959045,0.008228740654885769,0.05734683573246002
6115.4296875,0.09208545833826065,0.00818725023418665,0.05725131556391716
6126.1962890625,0.09208159893751144,0.008145549334585667,0.05715228617191315
6136.962890625,0.09207774698734283,0.008103638887405396,0.057049620896577835
6147.7294921875,0.09207388758659363,0.008061502128839493,0.05694285407662392
6158.49609375,0.09207001328468323,0.00801914744079113,0.05683183670043945
6169.2626953125,0.09205342084169388,0.007977197878062725,0.056726377457380295
6180.029296875,0.0918634757399559,0.007943705655634403,0.05675738677382469
6190.7958984375,0.09167315065860748,0.007910068146884441,0.05678684264421463
6201.5625,0.09148240834474564,0.007876286283135414,0.05681473761796951
6212.3291015625,0.09129128605127335,0.007842362858355045,0.0568411685526371
6223.095703125,0.09109973907470703,0.007808288559317589,0.05686606466770172
6233.8623046875,0.09090780466794968,0.007774061989039183,0.05688939616084099
6244.62890625,0.09071547538042068,0.0077396901324391365,0.05691130831837654
6255.3955078125,0.09052272140979767,0.007705161813646555,0.05693167820572853
6266.162109375,0.09032955020666122,0.0076704784296453,0.05695052817463875
6276.9287109375,0.09013597667217255,0.0076356385834515095,0.05696791037917137
6287.6953125,0.08994200080633163,0.0076006376184523106,0.05698373541235924
6298.4619140625,0.08974757790565491,0.0075654760003089905,0.05699810013175011
6309.228515625,0.08955273777246475,0.0075301495380699635,0.05701090022921562
6319.9951171875,0.08935748040676117,0.007494655437767506,0.057022158056497574
6330.76171875,0.08916179090738297,0.007458994165062904,0.05703189969062805
6341.5283203125,0.08896567672491074,0.007423162925988436,0.05704006180167198
6352.294921875,0.08876913785934448,0.007387155666947365,0.05704660713672638
6363.0615234375,0.08857215195894241,0.0073509723879396915,0.05705156549811363
6373.828125,0.08837471902370453,0.007314608432352543,0.05705483630299568
6384.5947265625,0.08817685395479202,0.007278066594153643,0.05705650895833969
6395.361328125,0.0879785418510437,0.007241337094455957,0.05705640837550163
6406.1279296875,0.08777977526187897,0.007204421795904636,0.05705460533499718
6416.89453125,0.08758056908845901,0.00716731883585453,0.057051047682762146
6427.6611328125,0.08738090842962265,0.007130018901079893,0.05704556778073311
6438.427734375,0.08718078583478928,0.007092526648193598,0.057038284838199615
6449.1943359375,0.08698020130395889,0.0070548271760344505,0.057028885930776596
6459.9609375,0.0867791548371315,0.007016935385763645,0.05701762065291405
6470.7275390625,0.0865776389837265,0.00697883078828454,0.057004109025001526
6481.494140625,0.0863756388425827,0.0069405147805809975,0.05698832869529724
6492.2607421875,0.08617321401834488,0.006901992484927177,0.05697029083967209
6503.02734375,0.08596963435411453,0.006863385904580355,0.05695061758160591
6513.7939453125,0.08570341020822525,0.00683791795745492,0.057013943791389465
6524.560546875,0.08543634414672852,0.006812351755797863,0.057076238095760345
6535.3271484375,0.08516845107078552,0.006786690093576908,0.0571376234292984
6546.09375,0.08489970862865448,0.0067609320394694805,0.05719809606671333
6556.8603515625,0.08463011682033539,0.006735072936862707,0.05725757032632828
6567.626953125,0.08435966074466705,0.006709114648401737,0.057316143065690994
6578.3935546875,0.08408833295106888,0.00668305903673172,0.057373855262994766
6589.16015625,0.08381611853837967,0.006656896322965622,0.057430561631917953
6599.9267578125,0.08354302495718002,0.006630635354667902,0.05748642981052399
6610.693359375,0.08326904475688934,0.0066042630933225155,0.05754124000668526
6621.4599609375,0.08299413323402405,0.006577790714800358,0.057595301419496536
6632.2265625,0.08271833509206772,0.006551211234182119,0.057648420333862305
6642.9931640625,0.08244160562753677,0.0065245190635323524,0.05770052224397659
6653.759765625,0.08216394484043121,0.006497726775705814,0.05775192752480507
6664.5263671875,0.08188534528017044,0.006470814347267151,0.05780221149325371
6675.29296875,0.08160578459501266,0.006443792954087257,0.05785168334841728
6686.0595703125,0.08132526278495789,0.006416655145585537,0.05790015310049057
6696.826171875,0.0810437798500061,0.006389405112713575,0.0579477958381176
6707.5927734375,0.08076131343841553,0.006362036801874638,0.05799444764852524
6718.359375,0.08047785609960556,0.006334553938359022,0.05804026126861572
6729.1259765625,0.0801934003829956,0.006306946277618408,0.05808500573039055
6739.892578125,0.07990793138742447,0.006279218941926956,0.05812886729836464
6750.6591796875,0.07962141931056976,0.006251368671655655,0.05817173048853874
6761.42578125,0.07933389395475388,0.0062233940698206425,0.05821363255381584
6772.1923828125,0.07904531061649323,0.006195293739438057,0.05825459957122803
6782.958984375,0.078755684196949,0.006167065817862749,0.05829453840851784
6793.7255859375,0.07846498489379883,0.006138707976788282,0.05833347141742706
6804.4921875,0.0781731903553009,0.0061102136969566345,0.05837123468518257
6815.2587890625,0.07788030803203583,0.006081591825932264,0.058408088982105255
6826.025390625,0.077586330473423,0.006052834913134575,0.058443862944841385
6836.7919921875,0.07729122787714005,0.006023940164595842,0.05847848206758499
6847.55859375,0.07699500024318695,0.005994902458041906,0.058511897921562195
6858.3251953125,0.07673556357622147,0.005969172343611717,0.058548569679260254
6869.091796875,0.07657920569181442,0.0059527987614274025,0.058596789836883545
6879.8583984375,0.07642251253128052,0.005936377681791782,0.05864455923438072
6890.625,0.07626551389694214,0.00591991376131773,0.05869190767407417
6901.3916015625,0.07610819488763809,0.005903400480747223,0.05873875319957733
6912.158203125,0.07595054060220718,0.005886843893676996,0.05878518894314766
6922.9248046875,0.07579255104064941,0.005870237480849028,0.05883109197020531
6933.69140625,0.07563424110412598,0.0058535863645374775,0.05887662246823311
6944.4580078125,0.07547560334205627,0.005836885422468185,0.05892161279916763
6955.224609375,0.07531662285327911,0.005820139776915312,0.058966245502233505
6965.9912109375,0.07515730708837509,0.005803343374282122,0.059010397642850876
6976.7578125,0.07499764859676361,0.005786496214568615,0.05905403941869736
6987.5244140625,0.07483766227960587,0.005769605748355389,0.05909734591841698
6998.291015625,0.07467733323574066,0.005752659402787685,0.059140026569366455
7009.0576171875,0.0745166540145874,0.005735666491091251,0.05918237939476967
7019.82421875,0.07435561716556549,0.005718622822314501,0.05922427773475647
7030.5908203125,0.07419423758983612,0.005701527930796146,0.05926571041345596
7041.357421875,0.07403251528739929,0.005684382282197475,0.059306684881448746
7052.1240234375,0.07387043535709381,0.005667184945195913,0.05934719741344452
7062.890625,0.07370799034833908,0.005649931263178587,0.05938716232776642
7073.6572265625,0.0735451877117157,0.005632630083709955,0.05942679941654205
7084.423828125,0.07338201999664307,0.00561527069658041,0.05946581810712814
7095.1904296875,0.07321850955486298,0.0055978624150156975,0.05950449779629707
7105.95703125,0.07305461913347244,0.00558039965108037,0.059542737901210785
7116.7236328125,0.07289037108421326,0.005562878213822842,0.059580374509096146
7127.490234375,0.07272573560476303,0.00554530369117856,0.059617627412080765
7138.2568359375,0.07256072759628296,0.005527670960873365,0.05965428054332733
7149.0234375,0.07239535450935364,0.005509983282536268,0.059690479189157486
7159.7900390625,0.07222960144281387,0.0054922401905059814,0.05972626060247421
7170.556640625,0.07206346839666367,0.005474440287798643,0.05976153537631035
7181.3232421875,0.07189694046974182,0.0054565779864788055,0.059796158224344254
7192.08984375,0.07173004001379013,0.00543866166844964,0.059830401092767715
7202.8564453125,0.0715627446770668,0.005420683417469263,0.05986408516764641
7213.623046875,0.07139503955841064,0.005402643699198961,0.05989713966846466
7224.3896484375,0.07122696936130524,0.005384549964219332,0.05992985889315605
7235.15625,0.07117530703544617,0.005373126827180386,0.05993269756436348
7245.9228515625,0.07116235047578812,0.005363930948078632,0.05992604047060013
7256.689453125,0.07114940881729126,0.005354710388928652,0.0599188506603241
7267.4560546875,0.071136474609375,0.005345480050891638,0.05991163104772568
7278.22265625,0.07112351804971695,0.005336228758096695,0.0599040687084198
7288.9892578125,0.0711105689406395,0.005326967220753431,0.059896450489759445
7299.755859375,0.07109761983156204,0.005317687522619963,0.05988849699497223
7310.5224609375,0.0710846558213234,0.00530838780105114,0.05988026037812233
7321.2890625,0.07107170671224594,0.005299075040966272,0.05987183749675751
7332.0556640625,0.0710587352514267,0.005289743188768625,0.0598631277680397
7342.822265625,0.07104577869176865,0.005280397832393646,0.059854235500097275
7353.5888671875,0.0710328072309494,0.005271034315228462,0.05984511598944664
7364.35546875,0.07101984322071075,0.005261656828224659,0.05983584374189377
7375.1220703125,0.07100687175989151,0.005252257455140352,0.05982612445950508
7385.888671875,0.07099390029907227,0.005242848303169012,0.05981648713350296
7396.6552734375,0.07098092138767242,0.005233414005488157,0.059806257486343384
7407.421875,0.07096794247627258,0.005223969463258982,0.059796042740345
7418.1884765625,0.07095496356487274,0.0052145072259008884,0.05978555604815483
7428.955078125,0.0709419846534729,0.005205023568123579,0.059774648398160934
7439.7216796875,0.07092901319265366,0.00519552594050765,0.05976366996765137
7450.48828125,0.07091601938009262,0.00518600782379508,0.059752292931079865
7461.2548828125,0.07090303301811218,0.005176476668566465,0.05974087119102478
7472.021484375,0.07089003920555115,0.005166925955563784,0.05972909554839134
7482.7880859375,0.07087703794240952,0.005157353822141886,0.05971688777208328
7493.5546875,0.07086404412984848,0.005147768650203943,0.059704698622226715
7504.3212890625,0.07085105031728745,0.005138166714459658,0.05969218164682388
7515.087890625,0.07083804905414581,0.005128540098667145,0.05967923253774643
7525.8544921875,0.07082504779100418,0.0051188999786973,0.05966616049408913
7536.62109375,0.07081204652786255,0.0051092407666146755,0.05965278297662735
7547.3876953125,0.07079903036355972,0.005099562928080559,0.059639088809490204
7558.154296875,0.0707860216498375,0.005089869722723961,0.059625282883644104
7568.9208984375,0.07077300548553467,0.0050801560282707214,0.059611137956380844
7579.6875,0.07075998932123184,0.005070422310382128,0.059596557170152664
7590.4541015625,0.07074697315692902,0.0050606695003807545,0.05958180874586105
7601.220703125,0.07073396444320679,0.00505089620128274,0.05956658348441124
7611.9873046875,0.07072093337774277,0.005041110794991255,0.059551335871219635
7622.75390625,0.07072250545024872,0.005032581742852926,0.059510309249162674
7633.5205078125,0.07074972987174988,0.005026292521506548,0.05942433699965477
7644.287109375,0.07077694684267044,0.005019995383918285,0.05933801829814911
7655.0537109375,0.0708041563630104,0.005013688467442989,0.05925135314464569
7665.8203125,0.07083134353160858,0.00500737177208066,0.05916428938508034
7676.5869140625,0.07085853815078735,0.005001050885766745,0.05907709151506424
7687.353515625,0.07088572531938553,0.0049947211518883705,0.0589895136654377
7698.1201171875,0.07091287523508072,0.004988385830074549,0.05890172719955444
7708.88671875,0.0709400400519371,0.00498203607276082,0.05881331115961075
7719.6533203125,0.0709671825170517,0.004975683521479368,0.05872485414147377
7730.419921875,0.0709943100810051,0.004969326313585043,0.058636169880628586
7741.1865234375,0.0710214376449585,0.0049629514105618,0.05854671448469162
7751.953125,0.0710485503077507,0.004956571850925684,0.0584571398794651
7762.7197265625,0.07107564806938171,0.004950185772031546,0.05836724862456322
7773.486328125,0.07110274583101273,0.0049437908455729485,0.058277010917663574
7784.2529296875,0.07112982124090195,0.004937389865517616,0.058186545968055725
7795.01953125,0.07115691155195236,0.004930974915623665,0.058095403015613556
7805.7861328125,0.07118396461009979,0.004924558103084564,0.058004286140203476
7816.552734375,0.07121101766824722,0.004918127786368132,0.057912517338991165
7827.3193359375,0.07123805582523346,0.004911691416054964,0.05782053992152214
7838.0859375,0.0712650865316391,0.004905247129499912,0.05772818624973297
7848.8525390625,0.07129210978746414,0.0048987907357513905,0.05763528496026993
7859.619140625,0.07131911814212799,0.00489233061671257,0.05754227563738823
7870.3857421875,0.07134611904621124,0.004885857459157705,0.057448610663414
7881.15234375,0.0713731050491333,0.004879381041973829,0.057354871183633804
7891.9189453125,0.07140008360147476,0.0048728929832577705,0.057260606437921524
7902.685546875,0.07142705470323563,0.00486639654263854,0.05716589093208313
7913.4521484375,0.0714540183544159,0.004859890788793564,0.057070814073085785
7924.21875,0.07148095965385437,0.004853375721722841,0.056975312530994415
7934.9853515625,0.07150789350271225,0.004846852272748947,0.05687941983342171
7945.751953125,0.07153483480215073,0.004840323701500893,0.056783270090818405
7956.5185546875,0.07156176120042801,0.004833784885704517,0.05668659135699272
7967.28515625,0.0715886577963829,0.0048272316344082355,0.056589312851428986
7978.0517578125,0.0716155618429184,0.004820675123482943,0.05649184063076973
7988.818359375,0.0716424435377121,0.0048141092993319035,0.05639384686946869
7999.5849609375,0.0716693252325058,0.004807532299309969,0.05629539489746094
8010.3515625,0.0716961920261383,0.004800948780030012,0.05619659647345543
8021.1181640625,0.07172305136919022,0.004794356878846884,0.05609734728932381
8031.884765625,0.07174987345933914,0.004787750542163849,0.05599738284945488
8042.6513671875,0.07175947725772858,0.0047802091576159,0.05584900081157684
8053.41796875,0.07176908105611801,0.004772653803229332,0.05570000782608986
8064.1845703125,0.07177867740392685,0.004765089135617018,0.05555053427815437
8074.951171875,0.07178827375173569,0.004757514223456383,0.055400654673576355
8085.7177734375,0.07179787009954453,0.004749924410134554,0.05524996295571327
8096.484375,0.07180747389793396,0.00474232342094183,0.05509873852133751
8107.2509765625,0.0718170702457428,0.004734707530587912,0.05494677647948265
8118.017578125,0.07182666659355164,0.004727082792669535,0.05479441210627556
8128.7841796875,0.07183626294136047,0.004719445947557688,0.05464141070842743
8139.55078125,0.07184585928916931,0.004711795598268509,0.05448771268129349
8150.3173828125,0.07185544073581696,0.004704131744801998,0.0543333999812603
8161.083984375,0.0718650370836258,0.00469645531848073,0.0541783906519413
8171.8505859375,0.07187462598085403,0.004688768181949854,0.05402279272675514
8182.6171875,0.07188421487808228,0.004681069403886795,0.053866613656282425
8193.3837890625,0.07189379632472992,0.004673356655985117,0.05370975285768509
8204.150390625,0.07190337777137756,0.00466562993824482,0.05355213209986687
8214.9169921875,0.07191295921802521,0.004657890647649765,0.05339384078979492
8225.68359375,0.07192254811525345,0.0046501378528773785,0.05323474854230881
8236.4501953125,0.07193212956190109,0.004642373416572809,0.05307508632540703
8247.216796875,0.07194170355796814,0.004634600132703781,0.05291493609547615
8257.9833984375,0.07195129245519638,0.004626807756721973,0.052753765136003494
8268.75,0.07196086645126343,0.004619002807885408,0.05259183794260025
8279.5166015625,0.07197044044733047,0.004611185751855373,0.05242922529578209
8290.283203125,0.07198002189397812,0.004603357054293156,0.052265994250774384
8301.0498046875,0.07198958843946457,0.0045955125242471695,0.05210183188319206
8311.81640625,0.07199916243553162,0.004587655887007713,0.05193696916103363
8322.5830078125,0.07200873643159866,0.0045797862112522125,0.05177130922675133
8333.349609375,0.07201830297708511,0.004571902099996805,0.051604848355054855
8344.1162109375,0.07202787697315216,0.004564005881547928,0.051437608897686005
8354.8828125,0.07203743606805801,0.004556094761937857,0.05126947909593582
8365.6494140625,0.07204700261354446,0.004548168275505304,0.051100410521030426
8376.416015625,0.07205656915903091,0.0045402259565889835,0.05093040317296982
8387.1826171875,0.07206612825393677,0.004532276187092066,0.05075983703136444
8397.94921875,0.07207570225000381,0.004524308256804943,0.05058814957737923
8408.7158203125,0.07208526134490967,0.0045163300819695,0.0504157729446888
8419.482421875,0.07209482043981552,0.0045083328150212765,0.050242215394973755
8430.2490234375,0.07210437953472137,0.004500323440879583,0.050067853182554245
8441.015625,0.07211394608020782,0.00449230195954442,0.0498926006257534
8451.7822265625,0.07212349772453308,0.004484263714402914,0.049716316163539886
8462.548828125,0.07213305681943893,0.004476211965084076,0.04953901469707489
8473.3154296875,0.07209986448287964,0.00446664122864604,0.049365729093551636
8484.08203125,0.07203321903944016,0.004455869551748037,0.04919537901878357
8494.8486328125,0.0719665139913559,0.004445068538188934,0.049024105072021484
8505.615234375,0.07189974933862686,0.004434247966855764,0.04885255545377731
8516.3818359375,0.07183293998241425,0.004423399921506643,0.04868018254637718
8527.1484375,0.07176604121923447,0.0044125220738351345,0.048506900668144226
8537.9150390625,0.0716990977525711,0.004401617217808962,0.0483328253030777
8548.681640625,0.07163208723068237,0.0043906886130571365,0.0481581836938858
8559.4482421875,0.07156501710414886,0.004379732999950647,0.047982823103666306
8570.21484375,0.07149788737297058,0.004368746653199196,0.04780646041035652
8580.9814453125,0.07143068313598633,0.004357737489044666,0.04762961342930794
8591.748046875,0.0713634267449379,0.0043466947972774506,0.04745158925652504
8602.5146484375,0.0712960958480835,0.004335626494139433,0.04727291315793991
8613.28125,0.07122870534658432,0.004324526991695166,0.047093264758586884
8624.0478515625,0.07116124033927917,0.004313401412218809,0.04691291227936745
8634.814453125,0.07109372317790985,0.004302245564758778,0.04673152416944504
8645.5810546875,0.07102615386247635,0.004291065502911806,0.04654964059591293
8656.34765625,0.07095850259065628,0.004279853776097298,0.04636668413877487
8667.1142578125,0.07089079171419144,0.004268611315637827,0.04618280008435249
8677.880859375,0.07082302123308182,0.004257336258888245,0.04599770903587341
8688.6474609375,0.07075519114732742,0.004246037919074297,0.045812204480171204
8699.4140625,0.07068727165460587,0.0042347051203250885,0.04562539979815483
8710.1806640625,0.07061930745840073,0.004223342519253492,0.0454377606511116
8720.947265625,0.07055127620697021,0.004211951978504658,0.045249249786138535
8731.7138671875,0.07048317044973373,0.004200528841465712,0.045059684664011
8742.48046875,0.07041499763727188,0.004189072642475367,0.04486900568008423
8753.2470703125,0.07034675776958466,0.004177584312856197,0.044677138328552246
8764.013671875,0.07027846574783325,0.004166069440543652,0.0444847010076046
8774.7802734375,0.07021009922027588,0.0041545177809894085,0.04429076984524727
8785.546875,0.07014166563749313,0.0041429344564676285,0.044095780700445175
8796.3134765625,0.07007315754890442,0.004131319001317024,0.043899815529584885
8807.080078125,0.07000459730625153,0.00411967420950532,0.04370279982686043
8817.8466796875,0.06993596255779266,0.00410799216479063,0.04350438714027405
8828.61328125,0.06986726075410843,0.0040962775237858295,0.043304841965436935
8839.3798828125,0.06979849189519882,0.004084532614797354,0.04310442507266998
8850.146484375,0.06972966343164444,0.004072748590260744,0.04290222004055977
8860.9130859375,0.0696607455611229,0.004060936160385609,0.04269934445619583
8871.6796875,0.06959177553653717,0.004049086943268776,0.042494997382164
8882.4462890625,0.06952273100614548,0.004037200007587671,0.04228916019201279
8893.212890625,0.06945361942052841,0.004025282803922892,0.04208223149180412
8903.9794921875,0.06938444077968597,0.00401332788169384,0.04187377542257309
8914.74609375,0.06931520253419876,0.004001336637884378,0.041664008051157
8925.5126953125,0.06924588233232498,0.003989309538155794,0.04145270213484764
8936.279296875,0.06912961602210999,0.003978397231549025,0.041308291256427765
8947.0458984375,0.06900954246520996,0.003967539872974157,0.04116826504468918
8957.8125,0.06888926029205322,0.003956655506044626,0.04102785512804985
8968.5791015625,0.06876878440380096,0.003945739474147558,0.0408867672085762
8979.345703125,0.0686480775475502,0.003934795968234539,0.04074538126587868
8990.1123046875,0.06852716207504272,0.003923820331692696,0.04060323163866997
9000.87890625,0.06840603053569794,0.003912812564522028,0.04046056792140007
9011.6455078125,0.06828469038009644,0.0039017738308757544,0.040317147970199585
9022.412109375,0.06816313415765762,0.0038907064590603113,0.04017341509461403
9033.1787109375,0.0680413544178009,0.0038796034641563892,0.040028709918260574
9043.9453125,0.06791935861110687,0.0038684725295752287,0.03988378867506981
9054.7119140625,0.06779713928699493,0.003857305971905589,0.039737869054079056
9065.478515625,0.06767470389604568,0.0038461119402199984,0.039591822773218155
9076.2451171875,0.06755205243825912,0.0038348808884620667,0.0394446887075901
9087.01171875,0.06742917001247406,0.0038236184045672417,0.039297133684158325
9097.7783203125,0.06730606406927109,0.0038123251870274544,0.03914909064769745
9108.544921875,0.06718273460865021,0.003800993552431464,0.03899998217821121
9119.3115234375,0.06705918908119202,0.003789633745327592,0.03885066881775856
9130.078125,0.06693539768457413,0.003778231330215931,0.038699980825185776
9140.8447265625,0.06681138277053833,0.00376680213958025,0.03854922950267792
9151.611328125,0.06668713688850403,0.0037553319707512856,0.038397230207920074
9162.3779296875,0.06656266003847122,0.0037438315339386463,0.038244929164648056
9173.14453125,0.06643795222043991,0.003732296172529459,0.03809202089905739
9183.9111328125,0.0663130059838295,0.0037207205314189196,0.03793792054057121
9194.677734375,0.06618782877922058,0.003709113923832774,0.037783507257699966
9205.4443359375,0.06606241315603256,0.0036974665708839893,0.03762795776128769
9216.2109375,0.06593675166368484,0.0036857847589999437,0.03747193515300751
9226.9775390625,0.06581085175275803,0.0036740649957209826,0.03731492534279823
9237.744140625,0.0656847208738327,0.0036623068153858185,0.037157125771045685
9248.5107421875,0.06555834412574768,0.0036505109164863825,0.036998435854911804
9259.27734375,0.06543172150850296,0.003638677531853318,0.036839038133621216
9270.0439453125,0.06530484557151794,0.0036268068943172693,0.03667893633246422
9280.810546875,0.06517773121595383,0.0036148966755717993,0.03651788458228111
9291.5771484375,0.06505037099123001,0.0036029473412781954,0.03635594993829727
9302.34375,0.0649227574467659,0.003590954467654228,0.036192819476127625
9313.1103515625,0.06479489058256149,0.003578923409804702,0.03602899983525276
9323.876953125,0.0646667629480362,0.003566853469237685,0.035864390432834625
9334.6435546875,0.0645383968949318,0.003554742783308029,0.035698793828487396
9345.41015625,0.0644097626209259,0.00354259111918509,0.0355323925614357
9356.1767578125,0.06428088247776031,0.0035303954500705004,0.035364724695682526
9366.943359375,0.06415173411369324,0.0035181583371013403,0.03519617021083832
9377.7099609375,0.06402232497930527,0.0035058753564953804,0.03502630442380905
9388.4765625,0.0638926550745964,0.0034935546573251486,0.03485585376620293
9399.2431640625,0.06376271694898605,0.003481188789010048,0.03468424454331398
9410.009765625,0.063632532954216,0.0034687775187194347,0.034511469304561615
9420.7763671875,0.06348603218793869,0.0034576572943478823,0.03439126908779144
9431.54296875,0.06333894282579422,0.0034465231001377106,0.03427153825759888
9442.3095703125,0.06319151818752289,0.003435352584347129,0.03415139764547348
9453.076171875,0.0630437433719635,0.0034241427201777697,0.034030552953481674
9463.8427734375,0.06289561837911606,0.0034128970000892878,0.033909231424331665
9474.609375,0.06274715065956116,0.003401616821065545,0.03378792107105255
9485.3759765625,0.062598317861557,0.0033902970608323812,0.0336657389998436
9496.142578125,0.0624491423368454,0.0033789374865591526,0.03354298323392868
9506.9091796875,0.062299616634845734,0.0033675450831651688,0.03342019394040108
9517.67578125,0.06214971840381622,0.003356112400069833,0.03329690918326378
9528.4423828125,0.06199945881962776,0.00334463594481349,0.033172670751810074
9539.208984375,0.06184883415699005,0.0033331215381622314,0.033048029989004135
9549.9755859375,0.06169784441590309,0.0033215710427612066,0.03292328864336014
9560.7421875,0.061546485871076584,0.003309977939352393,0.03279775381088257
9571.5087890625,0.06139475479722023,0.0032983452547341585,0.03267199546098709
9582.275390625,0.06124264374375343,0.003286669496446848,0.032545287162065506
9593.0419921875,0.06109015643596649,0.00327495438978076,0.03241843357682228
9603.80859375,0.06093728542327881,0.0032631936483085155,0.03229057043790817
9614.5751953125,0.060784030705690384,0.003251391462981701,0.03216251730918884
9625.341796875,0.06063039228320122,0.003239549696445465,0.03203403577208519
9636.1083984375,0.060476358979940414,0.003227660898119211,0.03190472349524498
9646.875,0.060321930795907974,0.0032157297246158123,0.031775012612342834
9657.6416015625,0.0601671077311039,0.003203751053661108,0.031644389033317566
9668.408203125,0.06001188978552818,0.0031917334999889135,0.03151383623480797
9679.1748046875,0.059856269508600235,0.0031796670518815517,0.031382281333208084
9689.94140625,0.059700239449739456,0.003167553571984172,0.03125011920928955
9700.7080078125,0.05954379215836525,0.0031553958542644978,0.0311175175011158
9711.474609375,0.05938694253563881,0.003143187379464507,0.03098391555249691
9722.2412109375,0.05922968313097954,0.0031309369951486588,0.030850272625684738
9733.0078125,0.05907200276851654,0.0031186342239379883,0.0307155791670084
9743.7744140625,0.05891388654708862,0.0031062839552760124,0.030580397695302963
9754.541015625,0.058755356818437576,0.003093880834057927,0.030444234609603882
9765.3076171875,0.058596398681402206,0.003081433940678835,0.030307918787002563
9776.07421875,0.05843701213598251,0.003068935824558139,0.030170852318406105
9786.8408203125,0.058277178555727005,0.0030563832260668278,0.03003287874162197
9797.607421875,0.05811690911650658,0.003043781965970993,0.029894590377807617
9808.3740234375,0.05795619264245033,0.003031126456335187,0.029755214229226112
9819.140625,0.05779503285884857,0.003018418326973915,0.02961529791355133
9829.9072265625,0.0576334223151207,0.0030056547839194536,0.02947445772588253
9840.673828125,0.05747136101126671,0.0029928379226475954,0.02933289296925068
9851.4404296875,0.05730884149670601,0.002979966811835766,0.029190780594944954
9862.20703125,0.0571458600461483,0.0029670388903468847,0.029047798365354538
9872.9736328125,0.056982409209012985,0.0029540539253503084,0.028903938829898834
9883.740234375,0.056818488985300064,0.002941014477983117,0.028759561479091644
9894.5068359375,0.056654080748558044,0.002927914261817932,0.02861415222287178
9905.2734375,0.05648922175168991,0.0029147574678063393,0.02846810780465603
9916.0400390625,0.05632386729121208,0.0029015399049967527,0.02832115814089775
9926.806640625,0.056374236941337585,0.0028988614212721586,0.028285589069128036
9937.5732421875,0.05656522884964943,0.002903085434809327,0.028322521597146988
9948.33984375,0.05675558000802994,0.0029073087498545647,0.028359966352581978
9959.1064453125,0.05694528669118881,0.002911526011303067,0.02839730866253376
9969.873046875,0.057134367525577545,0.002915735589340329,0.02843453362584114
9980.6396484375,0.05732283368706703,0.002919939812272787,0.02847158908843994
9991.40625,0.057510681450366974,0.002924136118963361,0.0285086277872324
10002.1728515625,0.05769790709018707,0.0029283275362104177,0.02854561246931553
10012.939453125,0.05788453295826912,0.0029325149953365326,0.028582707047462463
10023.7060546875,0.05807055905461311,0.0029366938397288322,0.028619468212127686
10034.47265625,0.05825599655508995,0.002940867794677615,0.028656281530857086
10045.2392578125,0.058440838009119034,0.002945036394521594,0.02869310975074768
10056.005859375,0.05862509831786156,0.0029491977766156197,0.028729749843478203
10066.7724609375,0.05880878120660782,0.002953353337943554,0.02876628190279007
10077.5390625,0.05899189040064812,0.0029575051739811897,0.028803007677197456
10088.3056640625,0.05917443707585335,0.0029616488609462976,0.02883937396109104
10099.072265625,0.05935641750693321,0.002965788124129176,0.028875920921564102
10109.8388671875,0.059537846595048904,0.002969919703900814,0.02891211025416851
10120.60546875,0.059718724340200424,0.002974046627059579,0.02894851565361023
10131.3720703125,0.05989905446767807,0.002978167962282896,0.028984777629375458
10142.138671875,0.06007884070277214,0.0029822830110788345,0.029020914807915688
10152.9052734375,0.06025809422135353,0.0029863931704312563,0.02905707247555256
10163.671875,0.06043681502342224,0.002990499371662736,0.029093274846673012
10174.4384765625,0.06061501428484917,0.002994596492499113,0.029129205271601677
10185.205078125,0.060792677104473114,0.002998689655214548,0.029165158048272133
10195.9716796875,0.06096983700990677,0.0030027797911316156,0.02920132502913475
10206.73828125,0.06114647537469864,0.003006862010806799,0.02923721820116043
10217.5048828125,0.06132261082530022,0.0030109367799013853,0.029272807762026787
10228.271484375,0.06149823218584061,0.0030150068923830986,0.029308514669537544
10239.0380859375,0.0616733580827713,0.003019074210897088,0.0293443463742733
10249.8046875,0.0618479959666729,0.0030231343116611242,0.02937997318804264
10260.5712890625,0.0620221346616745,0.0030271890573203564,0.029415596276521683
10271.337890625,0.062195785343647,0.003031238680705428,0.029451213777065277
10282.1044921875,0.062368955463171005,0.0030352824833244085,0.02948664501309395
10292.87109375,0.06254164129495621,0.0030393186025321484,0.029521889984607697
10303.6376953125,0.0627138540148735,0.0030433533247560263,0.029557332396507263
10314.404296875,0.0628855898976326,0.0030473803635686636,0.029592610895633698
10325.1708984375,0.06305687874555588,0.003051403444260359,0.029628001153469086
10335.9375,0.06322768330574036,0.003055419772863388,0.02966306358575821
10346.7041015625,0.06339803338050842,0.0030594314448535442,0.029698308557271957
10357.470703125,0.06356792151927948,0.0030634384602308273,0.02973339892923832
10368.2373046875,0.06373737007379532,0.0030674408189952374,0.0297685656696558
10379.00390625,0.06390635669231415,0.0030714364256709814,0.029803482815623283
10389.7705078125,0.06407490372657776,0.0030754266772419214,0.02983839623630047
10400.537109375,0.06424300372600555,0.0030794120393693447,0.029873250052332878
10411.3037109375,0.06441067159175873,0.003083393443375826,0.02990812435746193
10422.0703125,0.06457789987325668,0.0030873676296323538,0.029942849650979042
10432.8369140625,0.06474470347166061,0.003091340884566307,0.029977789148688316
10443.603515625,0.06491106748580933,0.003095305757597089,0.030012454837560654
10454.3701171875,0.06507701426744461,0.003099265042692423,0.030047042295336723
10465.13671875,0.06472678482532501,0.0030812430195510387,0.02987108938395977
10475.9033203125,0.06410138309001923,0.0030514695681631565,0.02958223968744278
10486.669921875,0.06346983462572098,0.003021407872438431,0.029291072860360146
10497.4365234375,0.06283192336559296,0.002991038141772151,0.028996415436267853
10508.203125,0.062187474220991135,0.0029603620059788227,0.028699198737740517
10518.9697265625,0.0615362823009491,0.0029293622355908155,0.028398653492331505
10529.736328125,0.06087811663746834,0.0028980306815356016,0.0280948244035244
10540.5029296875,0.06021277233958244,0.002866357332095504,0.02778775244951248
10551.26953125,0.059539977461099625,0.002834330778568983,0.027477363124489784
10562.0361328125,0.05885949730873108,0.002801937283948064,0.02716333419084549
10572.802734375,0.05817105993628502,0.0027691649738699198,0.02684561349451542
10583.5693359375,0.057474371045827866,0.002735999645665288,0.026524048298597336
10594.3359375,0.05676914006471634,0.0027024277951568365,0.026198625564575195
10605.1025390625,0.056055035442113876,0.0026684340555220842,0.025869067758321762
10615.869140625,0.05533171072602272,0.0026339993346482515,0.025535117834806442
10626.6357421875,0.05459881201386452,0.0025991115253418684,0.025196963921189308
10637.40234375,0.05385593697428703,0.002563748974353075,0.02485421486198902
10648.1689453125,0.05310266464948654,0.002527889795601368,0.024506568908691406
10658.935546875,0.05233855918049812,0.0024915148969739676,0.02415388636291027
10669.7021484375,0.05156313255429268,0.002454601228237152,0.023796016350388527
10680.46875,0.05077586695551872,0.002417125506326556,0.023432770743966103
10691.2353515625,0.04997619241476059,0.002379057928919792,0.02306373417377472
10702.001953125,0.04916352033615112,0.0023403712548315525,0.022688647732138634
10712.7685546875,0.0483371801674366,0.0023010342847555876,0.022307274863123894
10723.53515625,0.04749647155404091,0.0022610134910792112,0.02191932685673237
10734.3017578125,0.046640608459711075,0.002220271388068795,0.02152438461780548
10745.068359375,0.045768748968839645,0.0021787676960229874,0.021122049540281296
10755.8349609375,0.04487994685769081,0.00213645794428885,0.02071191556751728
10766.6015625,0.04397318512201309,0.002093292074277997,0.020293397828936577
10777.3681640625,0.04304732754826546,0.002049217000603676,0.019866039976477623
10788.134765625,0.04210112243890762,0.002004174515604973,0.01942942850291729
10798.9013671875,0.041133150458335876,0.001958095235750079,0.018982715904712677
10809.66796875,0.040141843259334564,0.0019109051208943129,0.018525226041674614
10820.4345703125,0.03912542760372162,0.0018625188386067748,0.018056055530905724
10831.201171875,0.03808189928531647,0.0018128443043679,0.017574584111571312
10841.9677734375,0.03700895234942436,0.0017617670819163322,0.017079375684261322
10852.734375,0.03590396046638489,0.0017091658664867282,0.0165694709867239
10863.5009765625,0.03476385772228241,0.0016548923449590802,0.016043297946453094
10874.267578125,0.033585075289011,0.0015987780643627048,0.015499305911362171
10885.0341796875,0.032363392412662506,0.0015406215097755194,0.014935544691979885
10895.80078125,0.031093737110495567,0.0014801810029894114,0.014349599368870258
10906.5673828125,0.029769988730549812,0.0014171653892844915,0.013738681562244892
10917.333984375,0.02838457003235817,0.0013512138975784183,0.013099312782287598
10928.1005859375,0.026927968487143517,0.0012818744871765375,0.01242710743099451
10938.8671875,0.02538793347775936,0.001208562753163278,0.011716385371983051
10949.6337890625,0.023748235777020454,0.0011305067455396056,0.010959663428366184
10960.400390625,0.021986592561006546,0.0010466460371389985,0.010146698914468288
10971.1669921875,0.020070921629667282,0.0009554525604471564,0.009262613020837307
10981.93359375,0.017951980233192444,0.0008545829332433641,0.00828473549336195
10992.7001953125,0.015546868555247784,0.0007400905014947057,0.007174799684435129
11003.466796875,0.01269396673887968,0.000604281376581639,0.005858192685991526
11014.2333984375,0.008975990116596222,0.00042729146662168205,0.004142367746680975
11025.0,0.0,0.0,0.0
