clip_filename,true,class,S,mu_train,sigma_train,Z,pred_calibrated
1_vBCN7D6Tw_29_39.wav,V6,V6,1.7221734523773193,1.1615806198433827,0.2927163508760825,1.9151401377344173,V8
1_vBCN7D6Tw_29_39.wav,V6,V8,1.697070837020874,1.0575190143925803,0.23122778323742024,2.7658952296905177,V8
1_vBCN7D6Tw_29_39.wav,V6,inline-4,1.5823270082473755,1.0405222943850927,0.2864606095232346,1.8913759722986885,V8
1_vBCN7D6Tw_29_39.wav,V6,inline-6,1.7060272693634033,1.0533983196531023,0.3362664294359401,1.9408091102196363,V8
1_vBCN7D6Tw_29_39.wav,V6,single-cylinder,1.8248730897903442,1.1216776981586363,0.30824572288952823,2.2812819105481155,V8
-h_Jo-4R1qw_20_30.wav,V6,V6,0.8982145190238953,1.1615806198433827,0.2927163508760825,-0.8997314295263946,inline-4
-h_Jo-4R1qw_20_30.wav,V6,V8,0.9108690619468689,1.0575190143925803,0.23122778323742024,-0.6342228878920406,inline-4
-h_Jo-4R1qw_20_30.wav,V6,inline-4,0.923943817615509,1.0405222943850927,0.2864606095232346,-0.4069616306535439,inline-4
-h_Jo-4R1qw_20_30.wav,V6,inline-6,0.8940359950065613,1.0533983196531023,0.3362664294359401,-0.4739168430040979,inline-4
-h_Jo-4R1qw_20_30.wav,V6,single-cylinder,0.8536483645439148,1.1216776981586363,0.30824572288952823,-0.8695313956092755,inline-4
44uH0cqsoTA_30_40.wav,single-cylinder,V6,0.8941270709037781,1.1615806198433827,0.2927163508760825,-0.9136952826144906,inline-6
44uH0cqsoTA_30_40.wav,single-cylinder,V8,0.9206613898277283,1.0575190143925803,0.23122778323742024,-0.591873617645373,inline-6
44uH0cqsoTA_30_40.wav,single-cylinder,inline-4,0.8215869665145874,1.0405222943850927,0.2864606095232346,-0.7642772534586386,inline-6
44uH0cqsoTA_30_40.wav,single-cylinder,inline-6,0.8632934093475342,1.0533983196531023,0.3362664294359401,-0.5653401400325742,inline-6
44uH0cqsoTA_30_40.wav,single-cylinder,single-cylinder,0.8721734881401062,1.1216776981586363,0.30824572288952823,-0.8094328371522921,inline-6
490glKBS92E_4_14.wav,single-cylinder,V6,1.3679378032684326,1.1615806198433827,0.2927163508760825,0.7049732029230183,V8
490glKBS92E_4_14.wav,single-cylinder,V8,1.3434256315231323,1.0575190143925803,0.23122778323742024,1.2364717298569117,V8
490glKBS92E_4_14.wav,single-cylinder,inline-4,1.2586854696273804,1.0405222943850927,0.2864606095232346,0.7615817602475381,V8
490glKBS92E_4_14.wav,single-cylinder,inline-6,1.3482409715652466,1.0533983196531023,0.3362664294359401,0.8768126286252219,V8
490glKBS92E_4_14.wav,single-cylinder,single-cylinder,1.3973463773727417,1.1216776981586363,0.30824572288952823,0.8943146935826323,V8
1llNz7oLjM8_11_21.wav,inline-4,V6,1.5069233179092407,1.1615806198433827,0.2927163508760825,1.179786154863806,V8
1llNz7oLjM8_11_21.wav,inline-4,V8,1.5071237087249756,1.0575190143925803,0.23122778323742024,1.9444233216159401,V8
1llNz7oLjM8_11_21.wav,inline-4,inline-4,1.3141027688980103,1.0405222943850927,0.2864606095232346,0.9550369768752714,V8
1llNz7oLjM8_11_21.wav,inline-4,inline-6,1.4357094764709473,1.0533983196531023,0.3362664294359401,1.1369293017418993,V8
1llNz7oLjM8_11_21.wav,inline-4,single-cylinder,1.5293633937835693,1.1216776981586363,0.30824572288952823,1.3225996837952654,V8
42UW0kaXlOQ_13_23.wav,V6,V6,1.005588412284851,1.1615806198433827,0.2927163508760825,-0.532912517840757,V8
42UW0kaXlOQ_13_23.wav,V6,V8,0.994949221611023,1.0575190143925803,0.23122778323742024,-0.2705980739231147,V8
42UW0kaXlOQ_13_23.wav,V6,inline-4,0.9471433162689209,1.0405222943850927,0.2864606095232346,-0.32597493341784534,V8
42UW0kaXlOQ_13_23.wav,V6,inline-6,0.9545354247093201,1.0533983196531023,0.3362664294359401,-0.2940016792922706,V8
42UW0kaXlOQ_13_23.wav,V6,single-cylinder,1.0026904344558716,1.1216776981586363,0.30824572288952823,-0.38601432190969404,V8
1XajRAh041I_30_40.wav,inline-6,V6,0.938525378704071,1.1615806198433827,0.2927163508760825,-0.7620183856204843,inline-6
1XajRAh041I_30_40.wav,inline-6,V8,0.944704532623291,1.0575190143925803,0.23122778323742024,-0.4878932807717729,inline-6
1XajRAh041I_30_40.wav,inline-6,inline-4,0.9353271126747131,1.0405222943850927,0.2864606095232346,-0.3672238982017779,inline-6
1XajRAh041I_30_40.wav,inline-6,inline-6,0.9417933821678162,1.0533983196531023,0.3362664294359401,-0.3318943781349046,inline-6
1XajRAh041I_30_40.wav,inline-6,single-cylinder,0.9435017108917236,1.1216776981586363,0.30824572288952823,-0.5780323100566391,inline-6
4Mhv2oHk2g4_30_40.wav,V8,V6,0.9210158586502075,1.1615806198433827,0.2927163508760825,-0.821835748065249,inline-6
4Mhv2oHk2g4_30_40.wav,V8,V8,0.9296275973320007,1.0575190143925803,0.23122778323742024,-0.5530971030815235,inline-6
4Mhv2oHk2g4_30_40.wav,V8,inline-4,0.9283214211463928,1.0405222943850927,0.2864606095232346,-0.3916799361191031,inline-6
4Mhv2oHk2g4_30_40.wav,V8,inline-6,0.9469830989837646,1.0533983196531023,0.3362664294359401,-0.3164610301653977,inline-6
4Mhv2oHk2g4_30_40.wav,V8,single-cylinder,0.9404168128967285,1.1216776981586363,0.30824572288952823,-0.5880402283047074,inline-6
0VDcpGUt5Oo_30_40.wav,inline-6,V6,1.5668015480041504,1.1615806198433827,0.2927163508760825,1.3843467471084747,V8
0VDcpGUt5Oo_30_40.wav,inline-6,V8,1.541527509689331,1.0575190143925803,0.23122778323742024,2.093210809359272,V8
0VDcpGUt5Oo_30_40.wav,inline-6,inline-4,1.499969482421875,1.0405222943850927,0.2864606095232346,1.6038756211594143,V8
0VDcpGUt5Oo_30_40.wav,inline-6,inline-6,1.514521598815918,1.0533983196531023,0.3362664294359401,1.371303344007051,V8
0VDcpGUt5Oo_30_40.wav,inline-6,single-cylinder,1.5823163986206055,1.1216776981586363,0.30824572288952823,1.4943879712065198,V8
22SjMzMC25w_20_30.wav,inline-4,V6,1.6739920377731323,1.1615806198433827,0.2927163508760825,1.7505391017486143,V8
22SjMzMC25w_20_30.wav,inline-4,V8,1.6629247665405273,1.0575190143925803,0.23122778323742024,2.6182223592323592,V8
22SjMzMC25w_20_30.wav,inline-4,inline-4,1.5201683044433594,1.0405222943850927,0.2864606095232346,1.674387312295944,V8
22SjMzMC25w_20_30.wav,inline-4,inline-6,1.6798124313354492,1.0533983196531023,0.3362664294359401,1.8628505757565699,V8
22SjMzMC25w_20_30.wav,inline-4,single-cylinder,1.6983418464660645,1.1216776981586363,0.30824572288952823,1.8707936736371134,V8
0xQcOgG7X5U_30_40.wav,inline-6,V6,0.5672463178634644,1.1615806198433827,0.2927163508760825,-2.030410327954388,inline-6
0xQcOgG7X5U_30_40.wav,inline-6,V8,0.619162917137146,1.0575190143925803,0.23122778323742024,-1.8957760659986898,inline-6
0xQcOgG7X5U_30_40.wav,inline-6,inline-4,0.5983490347862244,1.0405222943850927,0.2864606095232346,-1.5435743864917106,inline-6
0xQcOgG7X5U_30_40.wav,inline-6,inline-6,0.5461153984069824,1.0533983196531023,0.3362664294359401,-1.5085743828102203,inline-6
0xQcOgG7X5U_30_40.wav,inline-6,single-cylinder,0.538995087146759,1.1216776981586363,0.30824572288952823,-1.8903185599778916,inline-6
0S3mGlU-mek_30_40.wav,V8,V6,0.8761568665504456,1.1615806198433827,0.2927163508760825,-0.9750864700201438,single-cylinder
0S3mGlU-mek_30_40.wav,V8,V8,0.8560096621513367,1.0575190143925803,0.23122778323742024,-0.8714755182959036,single-cylinder
0S3mGlU-mek_30_40.wav,V8,inline-4,0.7348477244377136,1.0405222943850927,0.2864606095232346,-1.0670736561516185,single-cylinder
0S3mGlU-mek_30_40.wav,V8,inline-6,0.8188958764076233,1.0533983196531023,0.3362664294359401,-0.6973709615879229,single-cylinder
0S3mGlU-mek_30_40.wav,V8,single-cylinder,0.9300940632820129,1.1216776981586363,0.30824572288952823,-0.6215289317908386,single-cylinder
-YNzGGdFf0s_30_40.wav,single-cylinder,V6,1.1929426193237305,1.1615806198433827,0.2927163508760825,0.10714126281802573,V8
-YNzGGdFf0s_30_40.wav,single-cylinder,V8,1.1969826221466064,1.0575190143925803,0.23122778323742024,0.6031438168951676,V8
-YNzGGdFf0s_30_40.wav,single-cylinder,inline-4,1.0064653158187866,1.0405222943850927,0.2864606095232346,-0.11888887139836843,V8
-YNzGGdFf0s_30_40.wav,single-cylinder,inline-6,1.0963493585586548,1.0533983196531023,0.3362664294359401,0.12772919074199418,V8
-YNzGGdFf0s_30_40.wav,single-cylinder,single-cylinder,1.1871235370635986,1.1216776981586363,0.30824572288952823,0.21231710302892803,V8
-tyB1KS6JAE_11_21.wav,inline-4,V6,1.036412000656128,1.1615806198433827,0.2927163508760825,-0.4276106162591621,V8
-tyB1KS6JAE_11_21.wav,inline-4,V8,1.03983736038208,1.0575190143925803,0.23122778323742024,-0.07646855305594949,V8
-tyB1KS6JAE_11_21.wav,inline-4,inline-4,0.9333519339561462,1.0405222943850927,0.2864606095232346,-0.3741190127582059,V8
-tyB1KS6JAE_11_21.wav,inline-4,inline-6,0.9963076710700989,1.0533983196531023,0.3362664294359401,-0.16977802000267575,V8
-tyB1KS6JAE_11_21.wav,inline-4,single-cylinder,1.059186339378357,1.1216776981586363,0.30824572288952823,-0.20273228187719422,V8
1O7LB9rRIZs_16_26.wav,single-cylinder,V6,1.2998402118682861,1.1615806198433827,0.2927163508760825,0.4723329995441006,V8
1O7LB9rRIZs_16_26.wav,single-cylinder,V8,1.29629385471344,1.0575190143925803,0.23122778323742024,1.032639058238474,V8
1O7LB9rRIZs_16_26.wav,single-cylinder,inline-4,1.27579665184021,1.0405222943850927,0.2864606095232346,0.8213148671529108,V8
1O7LB9rRIZs_16_26.wav,single-cylinder,inline-6,1.3121743202209473,1.0533983196531023,0.3362664294359401,0.7695564526078947,V8
1O7LB9rRIZs_16_26.wav,single-cylinder,single-cylinder,1.3578163385391235,1.1216776981586363,0.30824572288952823,0.7660727233030146,V8
0kSRn21ZwYA_7_17.wav,V6,V6,1.3129494190216064,1.1615806198433827,0.2927163508760825,0.5171176762937432,V8
0kSRn21ZwYA_7_17.wav,V6,V8,1.328524112701416,1.0575190143925803,0.23122778323742024,1.1720265381369541,V8
0kSRn21ZwYA_7_17.wav,V6,inline-4,1.1797258853912354,1.0405222943850927,0.2864606095232346,0.4859432200393051,V8
0kSRn21ZwYA_7_17.wav,V6,inline-6,1.2836153507232666,1.0533983196531023,0.3362664294359401,0.6846268640504344,V8
0kSRn21ZwYA_7_17.wav,V6,single-cylinder,1.3705886602401733,1.1216776981586363,0.30824572288952823,0.807508242931059,V8
0yQx2Xc6ktk_27_37.wav,single-cylinder,V6,1.0652096271514893,1.1615806198433827,0.2927163508760825,-0.32922996068877197,V8
0yQx2Xc6ktk_27_37.wav,single-cylinder,V8,1.067518711090088,1.0575190143925803,0.23122778323742024,0.043246086423966004,V8
0yQx2Xc6ktk_27_37.wav,single-cylinder,inline-4,0.9839772582054138,1.0405222943850927,0.2864606095232346,-0.19739201237401735,V8
0yQx2Xc6ktk_27_37.wav,single-cylinder,inline-6,1.034534215927124,1.0533983196531023,0.3362664294359401,-0.05609868269521064,V8
0yQx2Xc6ktk_27_37.wav,single-cylinder,single-cylinder,1.1044888496398926,1.1216776981586363,0.30824572288952823,-0.05576346155792073,V8
-cL8__7nd84_17_27.wav,V8,V6,1.267788290977478,1.1615806198433827,0.2927163508760825,0.36283477440266715,V8
-cL8__7nd84_17_27.wav,V8,V8,1.285430669784546,1.0575190143925803,0.23122778323742024,0.9856586098823179,V8
-cL8__7nd84_17_27.wav,V8,inline-4,1.1263461112976074,1.0405222943850927,0.2864606095232346,0.29960076205714287,V8
-cL8__7nd84_17_27.wav,V8,inline-6,1.2042818069458008,1.0533983196531023,0.3362664294359401,0.4487022018397538,V8
-cL8__7nd84_17_27.wav,V8,single-cylinder,1.2374569177627563,1.1216776981586363,0.30824572288952823,0.3756068973765259,V8
-pQBAic4UTA_0_10.wav,inline-4,V6,0.9527827501296997,1.1615806198433827,0.2927163508760825,-0.7133112622125941,inline-6
-pQBAic4UTA_0_10.wav,inline-4,V8,0.9627413749694824,1.0575190143925803,0.23122778323742024,-0.409888630579406,inline-6
-pQBAic4UTA_0_10.wav,inline-4,inline-4,0.9357953071594238,1.0405222943850927,0.2864606095232346,-0.3655894868057751,inline-6
-pQBAic4UTA_0_10.wav,inline-4,inline-6,0.9330216646194458,1.0533983196531023,0.3362664294359401,-0.35797999590853785,inline-6
-pQBAic4UTA_0_10.wav,inline-4,single-cylinder,0.9011062979698181,1.1216776981586363,0.30824572288952823,-0.7155700267992638,inline-6
4nX1nMHxnkE_20_30.wav,inline-6,V6,1.6910889148712158,1.1615806198433827,0.2927163508760825,1.8089467617474957,V8
4nX1nMHxnkE_20_30.wav,inline-6,V8,1.6611328125,1.0575190143925803,0.23122778323742024,2.610472624250524,V8
4nX1nMHxnkE_20_30.wav,inline-6,inline-4,1.530824899673462,1.0405222943850927,0.2864606095232346,1.7115882218654608,V8
4nX1nMHxnkE_20_30.wav,inline-6,inline-6,1.6767655611038208,1.0533983196531023,0.3362664294359401,1.8537896943693337,V8
4nX1nMHxnkE_20_30.wav,inline-6,single-cylinder,1.8175429105758667,1.1216776981586363,0.30824572288952823,2.2575015993542937,V8
-UcTQgyfxBQ_30_40.wav,V6,V6,0.8399055004119873,1.1615806198433827,0.2927163508760825,-1.0989311614081039,inline-6
-UcTQgyfxBQ_30_40.wav,V6,V8,0.8340870141983032,1.0575190143925803,0.23122778323742024,-0.9662852667011101,inline-6
-UcTQgyfxBQ_30_40.wav,V6,inline-4,0.7888543605804443,1.0405222943850927,0.2864606095232346,-0.8785428971316762,inline-6
-UcTQgyfxBQ_30_40.wav,V6,inline-6,0.8441213965415955,1.0533983196531023,0.3362664294359401,-0.6223544927233802,inline-6
-UcTQgyfxBQ_30_40.wav,V6,single-cylinder,0.8409819006919861,1.1216776981586363,0.30824572288952823,-0.9106234949032801,inline-6
4IZJXS18go8_30_40.wav,inline-4,V6,1.064144492149353,1.1615806198433827,0.2927163508760825,-0.33286875639987024,V8
4IZJXS18go8_30_40.wav,inline-4,V8,1.0732958316802979,1.0575190143925803,0.23122778323742024,0.06823062984398455,V8
4IZJXS18go8_30_40.wav,inline-4,inline-4,0.9771285653114319,1.0405222943850927,0.2864606095232346,-0.22129998668636847,V8
4IZJXS18go8_30_40.wav,inline-4,inline-6,1.0145241022109985,1.0533983196531023,0.3362664294359401,-0.11560540701999932,V8
4IZJXS18go8_30_40.wav,inline-4,single-cylinder,1.0698626041412354,1.1216776981586363,0.30824572288952823,-0.16809671690390612,V8
-6EfENcd5xQ_13_23.wav,single-cylinder,V6,1.0032967329025269,1.1615806198433827,0.2927163508760825,-0.5407415283332196,V8
-6EfENcd5xQ_13_23.wav,single-cylinder,V8,1.0027143955230713,1.0575190143925803,0.23122778323742024,-0.23701571715210676,V8
-6EfENcd5xQ_13_23.wav,single-cylinder,inline-4,0.9149860143661499,1.0405222943850927,0.2864606095232346,-0.438232258975769,V8
-6EfENcd5xQ_13_23.wav,single-cylinder,inline-6,0.9479033946990967,1.0533983196531023,0.3362664294359401,-0.31372422495746854,V8
-6EfENcd5xQ_13_23.wav,single-cylinder,single-cylinder,0.9843565225601196,1.1216776981586363,0.30824572288952823,-0.4454925580515873,V8
-SeKgSHpQHs_4_14.wav,V8,V6,0.09111171215772629,1.1615806198433827,0.2927163508760825,-3.6570178074501376,inline-6
-SeKgSHpQHs_4_14.wav,V8,V8,0.09203296154737473,1.0575190143925803,0.23122778323742024,-4.175475971474687,inline-6
-SeKgSHpQHs_4_14.wav,V8,inline-4,0.11231710761785507,1.0405222943850927,0.2864606095232346,-3.24025417774569,inline-6
-SeKgSHpQHs_4_14.wav,V8,inline-6,0.1255340576171875,1.0533983196531023,0.3362664294359401,-2.7593127972730804,inline-6
-SeKgSHpQHs_4_14.wav,V8,single-cylinder,0.10113850980997086,1.1216776981586363,0.30824572288952823,-3.3107975636515645,inline-6
0f0sx422m4Y_15_25.wav,V6,V6,0.8695194721221924,1.1615806198433827,0.2927163508760825,-0.997761644838318,inline-6
0f0sx422m4Y_15_25.wav,V6,V8,0.841925323009491,1.0575190143925803,0.23122778323742024,-0.9323866205200865,inline-6
0f0sx422m4Y_15_25.wav,V6,inline-4,0.7819303274154663,1.0405222943850927,0.2864606095232346,-0.9027138753911371,inline-6
0f0sx422m4Y_15_25.wav,V6,inline-6,0.7927312850952148,1.0533983196531023,0.3362664294359401,-0.775180070740738,inline-6
0f0sx422m4Y_15_25.wav,V6,single-cylinder,0.870483934879303,1.1216776981586363,0.30824572288952823,-0.8149140267855665,inline-6
22GGPMRWSjw_30_40.wav,single-cylinder,V6,1.1084860563278198,1.1615806198433827,0.2927163508760825,-0.18138571130944345,V8
22GGPMRWSjw_30_40.wav,single-cylinder,V8,1.103550910949707,1.0575190143925803,0.23122778323742024,0.19907597570081806,V8
22GGPMRWSjw_30_40.wav,single-cylinder,inline-4,1.0460622310638428,1.0405222943850927,0.2864606095232346,0.019339261645677463,V8
22GGPMRWSjw_30_40.wav,single-cylinder,inline-6,1.0751835107803345,1.0533983196531023,0.3362664294359401,0.064785507027196,V8
22GGPMRWSjw_30_40.wav,single-cylinder,single-cylinder,1.0925097465515137,1.1216776981586363,0.30824572288952823,-0.09462564908832835,V8
-D9DdrYwk7U_10_20.wav,V8,V6,1.0326406955718994,1.1615806198433827,0.2927163508760825,-0.44049443731302945,inline-6
-D9DdrYwk7U_10_20.wav,V8,V8,1.040421485900879,1.0575190143925803,0.23122778323742024,-0.07394236216910845,inline-6
-D9DdrYwk7U_10_20.wav,V8,inline-4,0.9843228459358215,1.0405222943850927,0.2864606095232346,-0.19618560661029685,inline-6
-D9DdrYwk7U_10_20.wav,V8,inline-6,1.0385966300964355,1.0533983196531023,0.3362664294359401,-0.044017743851193725,inline-6
-D9DdrYwk7U_10_20.wav,V8,single-cylinder,1.071147084236145,1.1216776981586363,0.30824572288952823,-0.16392965147678903,inline-6
0XVLMlGFhJ4_30_40.wav,V6,V6,0.8915606737136841,1.1615806198433827,0.2927163508760825,-0.9224628051065309,inline-6
0XVLMlGFhJ4_30_40.wav,V6,V8,0.8939379453659058,1.0575190143925803,0.23122778323742024,-0.7074455618454495,inline-6
0XVLMlGFhJ4_30_40.wav,V6,inline-4,0.8807114958763123,1.0405222943850927,0.2864606095232346,-0.5578805364366102,inline-6
0XVLMlGFhJ4_30_40.wav,V6,inline-6,0.876933753490448,1.0533983196531023,0.3362664294359401,-0.5247760427904129,inline-6
0XVLMlGFhJ4_30_40.wav,V6,single-cylinder,0.8479554057121277,1.1216776981586363,0.30824572288952823,-0.888000293663791,inline-6
-ig5Dxl_BNA_17_27.wav,V6,V6,0.8229646682739258,1.1615806198433827,0.2927163508760825,-1.1568057286721416,inline-6
-ig5Dxl_BNA_17_27.wav,V6,V8,0.7966616153717041,1.0575190143925803,0.23122778323742024,-1.1281403790176585,inline-6
-ig5Dxl_BNA_17_27.wav,V6,inline-4,0.7854112386703491,1.0405222943850927,0.2864606095232346,-0.8905624272018863,inline-6
-ig5Dxl_BNA_17_27.wav,V6,inline-6,0.7556484937667847,1.0533983196531023,0.3362664294359401,-0.8854580767570792,inline-6
-ig5Dxl_BNA_17_27.wav,V6,single-cylinder,0.8372103571891785,1.1216776981586363,0.30824572288952823,-0.9228590045072829,inline-6
1krm09AGVfg_30_40.wav,V8,V6,1.535630702972412,1.1615806198433827,0.2927163508760825,1.277858520747201,V8
1krm09AGVfg_30_40.wav,V8,V8,1.5655629634857178,1.0575190143925803,0.23122778323742024,2.197157893312015,V8
1krm09AGVfg_30_40.wav,V8,inline-4,1.4703359603881836,1.0405222943850927,0.2864606095232346,1.5004285116841833,V8
1krm09AGVfg_30_40.wav,V8,inline-6,1.4547550678253174,1.0533983196531023,0.3362664294359401,1.1935676982250616,V8
1krm09AGVfg_30_40.wav,V8,single-cylinder,1.365379810333252,1.1216776981586363,0.30824572288952823,0.7906098741293995,V8
-IKAEFwWwY8_2_12.wav,inline-4,V6,1.0743283033370972,1.1615806198433827,0.2927163508760825,-0.29807804123392684,V8
-IKAEFwWwY8_2_12.wav,inline-4,V8,1.0696364641189575,1.0575190143925803,0.23122778323742024,0.05240481726166625,V8
-IKAEFwWwY8_2_12.wav,inline-4,inline-4,0.9790651798248291,1.0405222943850927,0.2864606095232346,-0.21453949519463986,V8
-IKAEFwWwY8_2_12.wav,inline-4,inline-6,1.011303186416626,1.0533983196531023,0.3362664294359401,-0.12518387073930481,V8
-IKAEFwWwY8_2_12.wav,inline-4,single-cylinder,1.0947654247283936,1.1216776981586363,0.30824572288952823,-0.0873078567902393,V8
1NvrXYKbYMs_10_20.wav,V8,V6,0.7172956466674805,1.1615806198433827,0.2927163508760825,-1.5178003273345815,inline-6
1NvrXYKbYMs_10_20.wav,V8,V8,0.7300522923469543,1.0575190143925803,0.23122778323742024,-1.4162083702086503,inline-6
1NvrXYKbYMs_10_20.wav,V8,inline-4,0.7293105125427246,1.0405222943850927,0.2864606095232346,-1.0864034059004748,inline-6
1NvrXYKbYMs_10_20.wav,V8,inline-6,0.8448301553726196,1.0533983196531023,0.3362664294359401,-0.6202467627539834,inline-6
1NvrXYKbYMs_10_20.wav,V8,single-cylinder,0.8495426177978516,1.1216776981586363,0.30824572288952823,-0.8828511156935496,inline-6
00PAu_6Xpog_18_28.wav,V8,V6,0.9617433547973633,1.1615806198433827,0.2927163508760825,-0.6826993587748632,inline-6
00PAu_6Xpog_18_28.wav,V8,V8,0.9665965437889099,1.0575190143925803,0.23122778323742024,-0.39321602850083537,inline-6
00PAu_6Xpog_18_28.wav,V8,inline-4,0.8987431526184082,1.0405222943850927,0.2864606095232346,-0.4949341621616039,inline-6
00PAu_6Xpog_18_28.wav,V8,inline-6,0.9550230503082275,1.0533983196531023,0.3362664294359401,-0.2925515624913594,inline-6
00PAu_6Xpog_18_28.wav,V8,single-cylinder,1.0033529996871948,1.1216776981586363,0.30824572288952823,-0.3838648509450614,inline-6
1Nub-HhoX7w_20_30.wav,single-cylinder,V6,1.0343667268753052,1.1615806198433827,0.2927163508760825,-0.4345978370778877,V8
1Nub-HhoX7w_20_30.wav,single-cylinder,V8,1.0521448850631714,1.0575190143925803,0.23122778323742024,-0.023241711070208622,V8
1Nub-HhoX7w_20_30.wav,single-cylinder,inline-4,0.9739795327186584,1.0405222943850927,0.2864606095232346,-0.23229288584278115,V8
1Nub-HhoX7w_20_30.wav,single-cylinder,inline-6,1.0264554023742676,1.0533983196531023,0.3362664294359401,-0.08012372012284802,V8
1Nub-HhoX7w_20_30.wav,single-cylinder,single-cylinder,1.0241750478744507,1.1216776981586363,0.30824572288952823,-0.31631469001478874,V8
2CtUT6wDuWM_23_33.wav,V8,V6,1.018263578414917,1.1615806198433827,0.2927163508760825,-0.48961064525273823,inline-4
2CtUT6wDuWM_23_33.wav,V8,V8,1.0104507207870483,1.0575190143925803,0.23122778323742024,-0.2035581232779591,inline-4
2CtUT6wDuWM_23_33.wav,V8,inline-4,1.0858104228973389,1.0405222943850927,0.2864606095232346,0.15809548331137266,inline-4
2CtUT6wDuWM_23_33.wav,V8,inline-6,1.0498931407928467,1.0533983196531023,0.3362664294359401,-0.01042381443230965,inline-4
2CtUT6wDuWM_23_33.wav,V8,single-cylinder,0.9937576055526733,1.1216776981586363,0.30824572288952823,-0.41499389320580465,inline-4
1hOz9e9JAQA_30_40.wav,inline-6,V6,0.10258205980062485,1.1615806198433827,0.2927163508760825,-3.6178319279850224,inline-6
1hOz9e9JAQA_30_40.wav,inline-6,V8,0.12297817319631577,1.0575190143925803,0.23122778323742024,-4.041645982639967,inline-6
1hOz9e9JAQA_30_40.wav,inline-6,inline-4,0.06118118017911911,1.0405222943850927,0.2864606095232346,-3.4187636332825018,inline-6
1hOz9e9JAQA_30_40.wav,inline-6,inline-6,0.09545961767435074,1.0533983196531023,0.3362664294359401,-2.8487491409285686,inline-6
1hOz9e9JAQA_30_40.wav,inline-6,single-cylinder,0.10178860276937485,1.1216776981586363,0.30824572288952823,-3.3086885547955456,inline-6
4GC91o3fN-Y_30_40.wav,V8,V6,1.0421851873397827,1.1615806198433827,0.2927163508760825,-0.4078878140775416,inline-6
4GC91o3fN-Y_30_40.wav,V8,V8,1.042039394378662,1.0575190143925803,0.23122778323742024,-0.06694532896171933,inline-6
4GC91o3fN-Y_30_40.wav,V8,inline-4,0.9934422373771667,1.0405222943850927,0.2864606095232346,-0.16435089308188922,inline-6
4GC91o3fN-Y_30_40.wav,V8,inline-6,1.0513681173324585,1.0533983196531023,0.3362664294359401,-0.006037481422243878,inline-6
4GC91o3fN-Y_30_40.wav,V8,single-cylinder,1.1077698469161987,1.1216776981586363,0.30824572288952823,-0.0451193648757357,inline-6
4ApqpMSnxt8_22_32.wav,single-cylinder,V6,0.9976119995117188,1.1615806198433827,0.2927163508760825,-0.5601621496063192,V8
4ApqpMSnxt8_22_32.wav,single-cylinder,V8,1.0071637630462646,1.0575190143925803,0.23122778323742024,-0.2177733602826261,V8
4ApqpMSnxt8_22_32.wav,single-cylinder,inline-4,0.9237088561058044,1.0405222943850927,0.2864606095232346,-0.40778185340631834,V8
4ApqpMSnxt8_22_32.wav,single-cylinder,inline-6,0.9461072087287903,1.0533983196531023,0.3362664294359401,-0.3190657809769598,V8
4ApqpMSnxt8_22_32.wav,single-cylinder,single-cylinder,1.0225343704223633,1.1216776981586363,0.30824572288952823,-0.32163731845779686,V8
0eOl6yag6R4_6_16.wav,single-cylinder,V6,0.9992952942848206,1.1615806198433827,0.2927163508760825,-0.5544115491767093,V8
0eOl6yag6R4_6_16.wav,single-cylinder,V8,1.0119884014129639,1.0575190143925803,0.23122778323742024,-0.1969080546556402,V8
0eOl6yag6R4_6_16.wav,single-cylinder,inline-4,0.9788167476654053,1.0405222943850927,0.2864606095232346,-0.21540674238732474,V8
0eOl6yag6R4_6_16.wav,single-cylinder,inline-6,0.9858942031860352,1.0533983196531023,0.3362664294359401,-0.2007459281032003,V8
0eOl6yag6R4_6_16.wav,single-cylinder,single-cylinder,0.9901434183120728,1.1216776981586363,0.30824572288952823,-0.4267189131240725,V8
3yDrgjC7WR0_12_22.wav,inline-6,V6,0.9718490839004517,1.1615806198433827,0.2927163508760825,-0.6481753936022907,inline-4
3yDrgjC7WR0_12_22.wav,inline-6,V8,0.9513929486274719,1.0575190143925803,0.23122778323742024,-0.45896762179370204,inline-4
3yDrgjC7WR0_12_22.wav,inline-6,inline-4,0.9773184061050415,1.0405222943850927,0.2864606095232346,-0.22063727500001976,inline-4
3yDrgjC7WR0_12_22.wav,inline-6,inline-6,0.9686676859855652,1.0533983196531023,0.3362664294359401,-0.25197470294511976,inline-4
3yDrgjC7WR0_12_22.wav,inline-6,single-cylinder,0.9866380095481873,1.1216776981586363,0.30824572288952823,-0.43809103771034547,inline-4
23rse_r1kyQ_20_30.wav,inline-4,V6,1.836961030960083,1.1615806198433827,0.2927163508760825,2.307286248599804,V8
23rse_r1kyQ_20_30.wav,inline-4,V8,1.802398681640625,1.0575190143925803,0.23122778323742024,3.221410752717447,V8
23rse_r1kyQ_20_30.wav,inline-4,inline-4,1.7626547813415527,1.0405222943850927,0.2864606095232346,2.5208788327244287,V8
23rse_r1kyQ_20_30.wav,inline-4,inline-6,1.8153014183044434,1.0533983196531023,0.3362664294359401,2.2657721138841374,V8
23rse_r1kyQ_20_30.wav,inline-4,single-cylinder,1.8698210716247559,1.1216776981586363,0.30824572288952823,2.4271005821360436,V8
1Ki18dfU3Xs_0_10.wav,V6,V6,1.000674843788147,1.1615806198433827,0.2927163508760825,-0.5496986265839074,inline-4
1Ki18dfU3Xs_0_10.wav,V6,V8,0.9938022494316101,1.0575190143925803,0.23122778323742024,-0.2755584301716333,inline-4
1Ki18dfU3Xs_0_10.wav,V6,inline-4,1.0126674175262451,1.0405222943850927,0.2864606095232346,-0.09723807020171926,inline-4
1Ki18dfU3Xs_0_10.wav,V6,inline-6,0.9997333288192749,1.0533983196531023,0.3362664294359401,-0.1595906880262953,inline-4
1Ki18dfU3Xs_0_10.wav,V6,single-cylinder,0.9920562505722046,1.1216776981586363,0.30824572288952823,-0.42051336956550905,inline-4
0fC1YhLcxwU_10_20.wav,V8,V6,0.9673437476158142,1.1615806198433827,0.2927163508760825,-0.6635668682197942,inline-4
0fC1YhLcxwU_10_20.wav,V8,V8,0.9436301589012146,1.0575190143925803,0.23122778323742024,-0.4925396675814984,inline-4
0fC1YhLcxwU_10_20.wav,V8,inline-4,0.9388424158096313,1.0405222943850927,0.2864606095232346,-0.3549523920398353,inline-4
0fC1YhLcxwU_10_20.wav,V8,inline-6,0.9313520193099976,1.0533983196531023,0.3362664294359401,-0.3629452412119389,inline-4
0fC1YhLcxwU_10_20.wav,V8,single-cylinder,0.9806464910507202,1.1216776981586363,0.30824572288952823,-0.457528512596621,inline-4
0tnbGdeER9Y_20_30.wav,inline-4,V6,1.0274990797042847,1.1615806198433827,0.2927163508760825,-0.4580596189375824,inline-6
0tnbGdeER9Y_20_30.wav,inline-4,V8,1.0282844305038452,1.0575190143925803,0.23122778323742024,-0.1264319688552202,inline-6
0tnbGdeER9Y_20_30.wav,inline-4,inline-4,0.9584952592849731,1.0405222943850927,0.2864606095232346,-0.2863466472288798,inline-6
0tnbGdeER9Y_20_30.wav,inline-4,inline-6,1.022249460220337,1.0533983196531023,0.3362664294359401,-0.09263148713659898,inline-6
0tnbGdeER9Y_20_30.wav,inline-4,single-cylinder,1.0517038106918335,1.1216776981586363,0.30824572288952823,-0.227006839903114,inline-6
1OulOUPg7-8_3_13.wav,single-cylinder,V6,1.2677772045135498,1.1615806198433827,0.2927163508760825,0.36279689997612746,V8
1OulOUPg7-8_3_13.wav,single-cylinder,V8,1.258789300918579,1.0575190143925803,0.23122778323742024,0.8704416212793006,V8
1OulOUPg7-8_3_13.wav,single-cylinder,inline-4,1.1337828636169434,1.0405222943850927,0.2864606095232346,0.3255615820516027,V8
1OulOUPg7-8_3_13.wav,single-cylinder,inline-6,1.1734294891357422,1.0533983196531023,0.3362664294359401,0.35695257978616113,V8
1OulOUPg7-8_3_13.wav,single-cylinder,single-cylinder,1.2268248796463013,1.1216776981586363,0.30824572288952823,0.34111481094369817,V8
2Hd_hZG7q1g_30_40.wav,V8,V6,1.4685966968536377,1.1615806198433827,0.2927163508760825,1.048851818804704,V8
2Hd_hZG7q1g_30_40.wav,V8,V8,1.4604392051696777,1.0575190143925803,0.23122778323742024,1.7425249904479978,V8
2Hd_hZG7q1g_30_40.wav,V8,inline-4,1.3348548412322998,1.0405222943850927,0.2864606095232346,1.0274799992120174,V8
2Hd_hZG7q1g_30_40.wav,V8,inline-6,1.4892959594726562,1.0533983196531023,0.3362664294359401,1.2962865206340617,V8
2Hd_hZG7q1g_30_40.wav,V8,single-cylinder,1.6299511194229126,1.1216776981586363,0.30824572288952823,1.6489228674437626,V8
-XQpiO0WKXI_30_40.wav,inline-6,V6,0.9366238713264465,1.1615806198433827,0.2927163508760825,-0.7685144606498888,inline-4
-XQpiO0WKXI_30_40.wav,inline-6,V8,0.9415596127510071,1.0575190143925803,0.23122778323742024,-0.5014942409516091,inline-4
-XQpiO0WKXI_30_40.wav,inline-6,inline-4,0.9453701972961426,1.0405222943850927,0.2864606095232346,-0.3321646813756165,inline-4
-XQpiO0WKXI_30_40.wav,inline-6,inline-6,0.9409893155097961,1.0533983196531023,0.3362664294359401,-0.3342855376073764,inline-4
-XQpiO0WKXI_30_40.wav,inline-6,single-cylinder,0.929960310459137,1.1216776981586363,0.30824572288952823,-0.6219628480237134,inline-4
1sAdC4A1dHM_2_12.wav,inline-6,V6,1.4864342212677002,1.1615806198433827,0.2927163508760825,1.1097897348475756,V8
1sAdC4A1dHM_2_12.wav,inline-6,V8,1.489160180091858,1.0575190143925803,0.23122778323742024,1.8667357341573296,V8
1sAdC4A1dHM_2_12.wav,inline-6,inline-4,1.326505184173584,1.0405222943850927,0.2864606095232346,0.9983323370862808,V8
1sAdC4A1dHM_2_12.wav,inline-6,inline-6,1.4751533269882202,1.0533983196531023,0.3362664294359401,1.2542287020520546,V8
1sAdC4A1dHM_2_12.wav,inline-6,single-cylinder,1.5348215103149414,1.1216776981586363,0.30824572288952823,1.3403067146672825,V8
-aDCGqtwmp4_30_40.wav,V8,V6,0.9459901452064514,1.1615806198433827,0.2927163508760825,-0.7365166790023239,inline-4
-aDCGqtwmp4_30_40.wav,V8,V8,0.9364982843399048,1.0575190143925803,0.23122778323742024,-0.5233831694369262,inline-4
-aDCGqtwmp4_30_40.wav,V8,inline-4,0.9548802971839905,1.0405222943850927,0.2864606095232346,-0.29896605101706264,inline-4
-aDCGqtwmp4_30_40.wav,V8,inline-6,0.9355500936508179,1.0533983196531023,0.3362664294359401,-0.35046087175566504,inline-4
-aDCGqtwmp4_30_40.wav,V8,single-cylinder,0.9770577549934387,1.1216776981586363,0.30824572288952823,-0.4691709646755673,inline-4
1xhMLMD3_Rw_30_40.wav,inline-4,V6,1.49520742893219,1.1615806198433827,0.2927163508760825,1.1397614383012162,V8
1xhMLMD3_Rw_30_40.wav,inline-4,V8,1.4838197231292725,1.0575190143925803,0.23122778323742024,1.843639647312515,V8
1xhMLMD3_Rw_30_40.wav,inline-4,inline-4,1.3133152723312378,1.0405222943850927,0.2864606095232346,0.9522879197951963,V8
1xhMLMD3_Rw_30_40.wav,inline-4,inline-6,1.4277236461639404,1.0533983196531023,0.3362664294359401,1.1131807809026277,V8
1xhMLMD3_Rw_30_40.wav,inline-4,single-cylinder,1.513418436050415,1.1216776981586363,0.30824572288952823,1.2708716092458945,V8
1PjxXh6-3GM_19_29.wav,inline-4,V6,1.4572923183441162,1.1615806198433827,0.2927163508760825,1.0102329357949638,V8
1PjxXh6-3GM_19_29.wav,inline-4,V8,1.4680500030517578,1.0575190143925803,0.23122778323742024,1.775439711056055,V8
1PjxXh6-3GM_19_29.wav,inline-4,inline-4,1.278845191001892,1.0405222943850927,0.2864606095232346,0.8319569556646818,V8
1PjxXh6-3GM_19_29.wav,inline-4,inline-6,1.4206573963165283,1.0533983196531023,0.3362664294359401,1.0921669382206056,V8
1PjxXh6-3GM_19_29.wav,inline-4,single-cylinder,1.504371166229248,1.1216776981586363,0.30824572288952823,1.2415207727237947,V8
2IujTXI0Vic_24_34.wav,single-cylinder,V6,0.8896468281745911,1.1615806198433827,0.2927163508760825,-0.9290010307074069,inline-6
2IujTXI0Vic_24_34.wav,single-cylinder,V8,0.8755075335502625,1.0575190143925803,0.23122778323742024,-0.7871522975914707,inline-6
2IujTXI0Vic_24_34.wav,single-cylinder,inline-4,0.7905803918838501,1.0405222943850927,0.2864606095232346,-0.8725175266408487,inline-6
2IujTXI0Vic_24_34.wav,single-cylinder,inline-6,0.8190020322799683,1.0533983196531023,0.3362664294359401,-0.6970552718162052,inline-6
2IujTXI0Vic_24_34.wav,single-cylinder,single-cylinder,0.88315349817276,1.1216776981586363,0.30824572288952823,-0.7738118723916914,inline-6
2C9E3bkphLk_7_17.wav,inline-6,V6,0.9074388742446899,1.1615806198433827,0.2927163508760825,-0.8682184812637276,inline-6
2C9E3bkphLk_7_17.wav,inline-6,V8,0.9021934270858765,1.0575190143925803,0.23122778323742024,-0.6717427513769768,inline-6
2C9E3bkphLk_7_17.wav,inline-6,inline-4,0.8435444235801697,1.0405222943850927,0.2864606095232346,-0.6876263760408786,inline-6
2C9E3bkphLk_7_17.wav,inline-6,inline-6,0.870164692401886,1.0533983196531023,0.3362664294359401,-0.5449060959150039,inline-6
2C9E3bkphLk_7_17.wav,inline-6,single-cylinder,0.9229912161827087,1.1216776981586363,0.30824572288952823,-0.6445717400826175,inline-6
0nVK517qUfY_30_40.wav,V8,V6,1.2852576971054077,1.1615806198433827,0.2927163508760825,0.4225150965836618,V8
0nVK517qUfY_30_40.wav,V8,V8,1.267448902130127,1.0575190143925803,0.23122778323742024,0.9078921434021389,V8
0nVK517qUfY_30_40.wav,V8,inline-4,1.135044813156128,1.0405222943850927,0.2864606095232346,0.3299668981656921,V8
0nVK517qUfY_30_40.wav,V8,inline-6,1.2256112098693848,1.0533983196531023,0.3362664294359401,0.5121322711433186,V8
0nVK517qUfY_30_40.wav,V8,single-cylinder,1.3156101703643799,1.1216776981586363,0.30824572288952823,0.6291489477544083,V8
4CZ6vWHPVr0_30_40.wav,inline-4,V6,1.1448731422424316,1.1615806198433827,0.2927163508760825,-0.05707736363529594,V8
4CZ6vWHPVr0_30_40.wav,inline-4,V8,1.1457278728485107,1.0575190143925803,0.23122778323742024,0.3814803620089168,V8
4CZ6vWHPVr0_30_40.wav,inline-4,inline-4,1.141433835029602,1.0405222943850927,0.2864606095232346,0.3522702154842846,V8
4CZ6vWHPVr0_30_40.wav,inline-4,inline-6,1.0835943222045898,1.0533983196531023,0.3362664294359401,0.0897978504786783,V8
4CZ6vWHPVr0_30_40.wav,inline-4,single-cylinder,1.0629960298538208,1.1216776981586363,0.30824572288952823,-0.1903730171978617,V8
4uvzX9zT1sM_16_26.wav,single-cylinder,V6,1.1682990789413452,1.1615806198433827,0.2927163508760825,0.02295211414686809,V8
4uvzX9zT1sM_16_26.wav,single-cylinder,V8,1.1980715990066528,1.0575190143925803,0.23122778323742024,0.6078533584770641,V8
4uvzX9zT1sM_16_26.wav,single-cylinder,inline-4,1.1337261199951172,1.0405222943850927,0.2864606095232346,0.32536349680029847,V8
4uvzX9zT1sM_16_26.wav,single-cylinder,inline-6,1.0896962881088257,1.0533983196531023,0.3362664294359401,0.1079440743359673,V8
4uvzX9zT1sM_16_26.wav,single-cylinder,single-cylinder,1.0972720384597778,1.1216776981586363,0.30824572288952823,-0.07917598813724709,V8
4uce6jNWxOE_3_13.wav,inline-6,V6,0.9357531666755676,1.1615806198433827,0.2927163508760825,-0.7714890285148985,inline-6
4uce6jNWxOE_3_13.wav,inline-6,V8,0.9366759657859802,1.0575190143925803,0.23122778323742024,-0.522614743413082,inline-6
4uce6jNWxOE_3_13.wav,inline-6,inline-4,0.9029129147529602,1.0405222943850927,0.2864606095232346,-0.4803780172818877,inline-6
4uce6jNWxOE_3_13.wav,inline-6,inline-6,0.9324715733528137,1.0533983196531023,0.3362664294359401,-0.35961587513547943,inline-6
4uce6jNWxOE_3_13.wav,inline-6,single-cylinder,0.9602312445640564,1.1216776981586363,0.30824572288952823,-0.5237589416688856,inline-6
-o5bunA7WrE_13_23.wav,V6,V6,1.192186713218689,1.1615806198433827,0.2927163508760825,0.10455887853105603,V8
-o5bunA7WrE_13_23.wav,V6,V8,1.1969579458236694,1.0575190143925803,0.23122778323742024,0.6030370982189276,V8
-o5bunA7WrE_13_23.wav,V6,inline-4,1.0586799383163452,1.0405222943850927,0.2864606095232346,0.06338618060428224,V8
-o5bunA7WrE_13_23.wav,V6,inline-6,1.137306571006775,1.0533983196531023,0.3362664294359401,0.2495290757820279,V8
-o5bunA7WrE_13_23.wav,V6,single-cylinder,1.1971228122711182,1.1216776981586363,0.30824572288952823,0.24475640214972444,V8
0sAtwaNRb-M_19_29.wav,inline-4,V6,0.9644900560379028,1.1615806198433827,0.2927163508760825,-0.6733158677866802,inline-6
0sAtwaNRb-M_19_29.wav,inline-4,V8,0.9560232758522034,1.0575190143925803,0.23122778323742024,-0.43894266129846127,inline-6
0sAtwaNRb-M_19_29.wav,inline-4,inline-4,0.9084974527359009,1.0405222943850927,0.2864606095232346,-0.4608830577751158,inline-6
0sAtwaNRb-M_19_29.wav,inline-4,inline-6,0.9315831065177917,1.0533983196531023,0.3362664294359401,-0.3622580265881603,inline-6
0sAtwaNRb-M_19_29.wav,inline-4,single-cylinder,0.9776407480239868,1.1216776981586363,0.30824572288952823,-0.46727963906338016,inline-6
1LyfGGAQJVM_24_34.wav,inline-6,V6,0.8263108730316162,1.1615806198433827,0.2927163508760825,-1.1453741678875273,inline-6
1LyfGGAQJVM_24_34.wav,inline-6,V8,0.8089746832847595,1.0575190143925803,0.23122778323742024,-1.0748895639959506,inline-6
1LyfGGAQJVM_24_34.wav,inline-6,inline-4,0.7618382573127747,1.0405222943850927,0.2864606095232346,-0.9728529082450137,inline-6
1LyfGGAQJVM_24_34.wav,inline-6,inline-6,0.7458409667015076,1.0533983196531023,0.3362664294359401,-0.9146240184234193,inline-6
1LyfGGAQJVM_24_34.wav,inline-6,single-cylinder,0.8317651748657227,1.1216776981586363,0.30824572288952823,-0.940524074674071,inline-6
1wXyarewk3I_20_30.wav,inline-6,V6,1.3021023273468018,1.1615806198433827,0.2927163508760825,0.4800610115657907,V8
1wXyarewk3I_20_30.wav,inline-6,V8,1.3114299774169922,1.0575190143925803,0.23122778323742024,1.0980988507064524,V8
1wXyarewk3I_20_30.wav,inline-6,inline-4,1.1415205001831055,1.0405222943850927,0.2864606095232346,0.35257275325255805,V8
1wXyarewk3I_20_30.wav,inline-6,inline-6,1.2457932233810425,1.0533983196531023,0.3362664294359401,0.5721501966481376,V8
1wXyarewk3I_20_30.wav,inline-6,single-cylinder,1.3386138677597046,1.1216776981586363,0.30824572288952823,0.7037767387897083,V8
-G3JJn9fYlQ_29_39.wav,inline-6,V6,0.9909898042678833,1.1615806198433827,0.2927163508760825,-0.582785399807463,inline-4
-G3JJn9fYlQ_29_39.wav,inline-6,V8,0.9820458889007568,1.0575190143925803,0.23122778323742024,-0.32640163061343347,inline-4
-G3JJn9fYlQ_29_39.wav,inline-6,inline-4,0.9607866406440735,1.0405222943850927,0.2864606095232346,-0.2783477067710139,inline-4
-G3JJn9fYlQ_29_39.wav,inline-6,inline-6,0.9054772257804871,1.0533983196531023,0.3362664294359401,-0.43989254033101355,inline-4
-G3JJn9fYlQ_29_39.wav,inline-6,single-cylinder,0.952492892742157,1.1216776981586363,0.30824572288952823,-0.5488634321687351,inline-4
1MxLu5GVvq4_14_24.wav,V6,V6,0.9876726269721985,1.1615806198433827,0.2927163508760825,-0.594117794754847,inline-6
1MxLu5GVvq4_14_24.wav,V6,V8,0.9564844965934753,1.0575190143925803,0.23122778323742024,-0.43694800159617797,inline-6
1MxLu5GVvq4_14_24.wav,V6,inline-4,0.955059289932251,1.0405222943850927,0.2864606095232346,-0.29834120856993385,inline-6
1MxLu5GVvq4_14_24.wav,V6,inline-6,0.9543201327323914,1.0533983196531023,0.3362664294359401,-0.29464192154687163,inline-6
1MxLu5GVvq4_14_24.wav,V6,single-cylinder,1.0006672143936157,1.1216776981586363,0.30824572288952823,-0.39257798171749275,inline-6
0ftUishODRM_30_40.wav,inline-6,V6,1.669277310371399,1.1615806198433827,0.2927163508760825,1.7344322891717885,V8
0ftUishODRM_30_40.wav,inline-6,V8,1.6260900497436523,1.0575190143925803,0.23122778323742024,2.458921793006484,V8
0ftUishODRM_30_40.wav,inline-6,inline-4,1.6571768522262573,1.0405222943850927,0.2864606095232346,2.1526678968793727,V8
0ftUishODRM_30_40.wav,inline-6,inline-6,1.6695404052734375,1.0533983196531023,0.3362664294359401,1.8323032919279634,V8
0ftUishODRM_30_40.wav,inline-6,single-cylinder,1.6970200538635254,1.1216776981586363,0.30824572288952823,1.8665055602769396,V8
4PPRE4teQwc_26_36.wav,inline-4,V6,1.2600253820419312,1.1615806198433827,0.2927163508760825,0.33631453078691775,single-cylinder
4PPRE4teQwc_26_36.wav,inline-4,V8,1.2609021663665771,1.0575190143925803,0.23122778323742024,0.8795792146014171,single-cylinder
4PPRE4teQwc_26_36.wav,inline-4,inline-4,1.1121488809585571,1.0405222943850927,0.2864606095232346,0.25003991540992254,single-cylinder
4PPRE4teQwc_26_36.wav,inline-4,inline-6,1.2660117149353027,1.0533983196531023,0.3362664294359401,0.6322766017376232,single-cylinder
4PPRE4teQwc_26_36.wav,inline-4,single-cylinder,1.432380199432373,1.1216776981586363,0.30824572288952823,1.0079701945615933,single-cylinder
4M5pY9cI56I_30_40.wav,inline-4,V6,1.7340483665466309,1.1615806198433827,0.2927163508760825,1.9557081283293076,V8
4M5pY9cI56I_30_40.wav,inline-4,V8,1.7006330490112305,1.0575190143925803,0.23122778323742024,2.781300869706963,V8
4M5pY9cI56I_30_40.wav,inline-4,inline-4,1.6498491764068604,1.0405222943850927,0.2864606095232346,2.127087850004542,V8
4M5pY9cI56I_30_40.wav,inline-4,inline-6,1.662806510925293,1.0533983196531023,0.3362664294359401,1.812277818795126,V8
4M5pY9cI56I_30_40.wav,inline-4,single-cylinder,1.6703743934631348,1.1216776981586363,0.30824572288952823,1.7800626401591473,V8
0vqER9OHzbY_0_10.wav,single-cylinder,V6,1.1529473066329956,1.1615806198433827,0.2927163508760825,-0.029493785313147294,single-cylinder
0vqER9OHzbY_0_10.wav,single-cylinder,V8,1.1220555305480957,1.0575190143925803,0.23122778323742024,0.2791036407993001,single-cylinder
0vqER9OHzbY_0_10.wav,single-cylinder,inline-4,1.0821068286895752,1.0405222943850927,0.2864606095232346,0.14516667535439845,single-cylinder
0vqER9OHzbY_0_10.wav,single-cylinder,inline-6,1.1371586322784424,1.0533983196531023,0.3362664294359401,0.24908913079976883,single-cylinder
0vqER9OHzbY_0_10.wav,single-cylinder,single-cylinder,1.2913391590118408,1.1216776981586363,0.30824572288952823,0.5504097810758896,single-cylinder
-GUxKaSGwHc_10_20.wav,V8,V6,1.7115586996078491,1.1615806198433827,0.2927163508760825,1.8788772069562052,V8
-GUxKaSGwHc_10_20.wav,V8,V8,1.698678731918335,1.0575190143925803,0.23122778323742024,2.772848956768418,V8
-GUxKaSGwHc_10_20.wav,V8,inline-4,1.688467264175415,1.0405222943850927,0.2864606095232346,2.26189901246359,V8
-GUxKaSGwHc_10_20.wav,V8,inline-6,1.698545217514038,1.0533983196531023,0.3362664294359401,1.9185587420757935,V8
-GUxKaSGwHc_10_20.wav,V8,single-cylinder,1.6211705207824707,1.1216776981586363,0.30824572288952823,1.6204371562451396,V8
474QDF2iZV0_10_20.wav,V6,V6,0.9300386905670166,1.1615806198433827,0.2927163508760825,-0.791011259136618,inline-4
474QDF2iZV0_10_20.wav,V6,V8,0.9258179664611816,1.0575190143925803,0.23122778323742024,-0.5695727653807526,inline-4
474QDF2iZV0_10_20.wav,V6,inline-4,0.9165166020393372,1.0405222943850927,0.2864606095232346,-0.43288915900912905,inline-4
474QDF2iZV0_10_20.wav,V6,inline-6,0.9029216766357422,1.0533983196531023,0.3362664294359401,-0.4474923151554931,inline-4
474QDF2iZV0_10_20.wav,V6,single-cylinder,0.9268275499343872,1.1216776981586363,0.30824572288952823,-0.6321260402178595,inline-4
-bVAV1p3gzQ_30_40.wav,inline-4,V6,1.3995423316955566,1.1615806198433827,0.2927163508760825,0.812943011690221,V8
-bVAV1p3gzQ_30_40.wav,inline-4,V8,1.3922449350357056,1.0575190143925803,0.23122778323742024,1.447602515392517,V8
-bVAV1p3gzQ_30_40.wav,inline-4,inline-4,1.2553856372833252,1.0405222943850927,0.2864606095232346,0.7500624370514198,V8
-bVAV1p3gzQ_30_40.wav,inline-4,inline-6,1.3687989711761475,1.0533983196531023,0.3362664294359401,0.9379486737706896,V8
-bVAV1p3gzQ_30_40.wav,inline-4,single-cylinder,1.3805593252182007,1.1216776981586363,0.30824572288952823,0.8398547257453582,V8
2D17MQOjKwA_30_40.wav,V6,V6,0.9379509687423706,1.1615806198433827,0.2927163508760825,-0.7639807288923285,V8
2D17MQOjKwA_30_40.wav,V6,V8,0.9798392653465271,1.0575190143925803,0.23122778323742024,-0.33594470335034593,V8
2D17MQOjKwA_30_40.wav,V6,inline-4,0.8740736842155457,1.0405222943850927,0.2864606095232346,-0.5810523493843454,V8
2D17MQOjKwA_30_40.wav,V6,inline-6,0.9303103089332581,1.0533983196531023,0.3362664294359401,-0.3660431132727536,V8
2D17MQOjKwA_30_40.wav,V6,single-cylinder,0.911786675453186,1.1216776981586363,0.30824572288952823,-0.6809211194819167,V8
-Xw6zT-Mp4o_30_40.wav,single-cylinder,V6,1.3420436382293701,1.1615806198433827,0.2927163508760825,0.6165115745870445,V8
-Xw6zT-Mp4o_30_40.wav,single-cylinder,V8,1.343583345413208,1.0575190143925803,0.23122778323742024,1.2371538013963586,V8
-Xw6zT-Mp4o_30_40.wav,single-cylinder,inline-4,1.1760727167129517,1.0405222943850927,0.2864606095232346,0.4731904416228807,V8
-Xw6zT-Mp4o_30_40.wav,single-cylinder,inline-6,1.2507312297821045,1.0533983196531023,0.3362664294359401,0.5868350000326001,V8
-Xw6zT-Mp4o_30_40.wav,single-cylinder,single-cylinder,1.318084716796875,1.1216776981586363,0.30824572288952823,0.6371767847972015,V8
0uPdfqKETrk_4_14.wav,V8,V6,0.8824248909950256,1.1615806198433827,0.2927163508760825,-0.9536731652087787,inline-4
0uPdfqKETrk_4_14.wav,V8,V8,0.8895410895347595,1.0575190143925803,0.23122778323742024,-0.7264608193096947,inline-4
0uPdfqKETrk_4_14.wav,V8,inline-4,0.8990766406059265,1.0405222943850927,0.2864606095232346,-0.49376999516470566,inline-4
0uPdfqKETrk_4_14.wav,V8,inline-6,0.867627739906311,1.0533983196531023,0.3362664294359401,-0.5524505674218103,inline-4
0uPdfqKETrk_4_14.wav,V8,single-cylinder,0.8290740251541138,1.1216776981586363,0.30824572288952823,-0.9492546085039705,inline-4
2ejDhClqinY_30_40.wav,inline-6,V6,1.5584332942962646,1.1615806198433827,0.2927163508760825,1.3557584783532786,V8
2ejDhClqinY_30_40.wav,inline-6,V8,1.5797207355499268,1.0575190143925803,0.23122778323742024,2.2583865738191147,V8
2ejDhClqinY_30_40.wav,inline-6,inline-4,1.506415843963623,1.0405222943850927,0.2864606095232346,1.6263791044567406,V8
2ejDhClqinY_30_40.wav,inline-6,inline-6,1.577103853225708,1.0533983196531023,0.3362664294359401,1.5574124792982744,V8
2ejDhClqinY_30_40.wav,inline-6,single-cylinder,1.4945249557495117,1.1216776981586363,0.30824572288952823,1.2095780408427588,V8
23eEF1by0BU_25_35.wav,V6,V6,0.8925819396972656,1.1615806198433827,0.2927163508760825,-0.9189738780939982,inline-6
23eEF1by0BU_25_35.wav,V6,V8,0.8973274827003479,1.0575190143925803,0.23122778323742024,-0.6927866947881036,inline-6
23eEF1by0BU_25_35.wav,V6,inline-4,0.8140636682510376,1.0405222943850927,0.2864606095232346,-0.790540195075886,inline-6
23eEF1by0BU_25_35.wav,V6,inline-6,0.8758122324943542,1.0533983196531023,0.3362664294359401,-0.5281112582562416,inline-6
23eEF1by0BU_25_35.wav,V6,single-cylinder,0.9017603397369385,1.1216776981586363,0.30824572288952823,-0.7134482073592752,inline-6
0SeZ6CgMOes_7_17.wav,single-cylinder,V6,0.9366360306739807,1.1615806198433827,0.2927163508760825,-0.7684729209562646,inline-6
0SeZ6CgMOes_7_17.wav,single-cylinder,V8,0.9168877601623535,1.0575190143925803,0.23122778323742024,-0.6081935840981071,inline-6
0SeZ6CgMOes_7_17.wav,single-cylinder,inline-4,0.8284172415733337,1.0405222943850927,0.2864606095232346,-0.7404335736238642,inline-6
0SeZ6CgMOes_7_17.wav,single-cylinder,inline-6,0.8897674083709717,1.0533983196531023,0.3362664294359401,-0.48661090420654923,inline-6
0SeZ6CgMOes_7_17.wav,single-cylinder,single-cylinder,0.9611403942108154,1.1216776981586363,0.30824572288952823,-0.5208095101626296,inline-6
4ci8PnX4LJ8_24_34.wav,V8,V6,1.808997392654419,1.1615806198433827,0.2927163508760825,2.2117547273097546,V8
4ci8PnX4LJ8_24_34.wav,V8,V8,1.7789907455444336,1.0575190143925803,0.23122778323742024,3.1201775195459964,V8
4ci8PnX4LJ8_24_34.wav,V8,inline-4,1.7202661037445068,1.0405222943850927,0.2864606095232346,2.3729049885453124,V8
4ci8PnX4LJ8_24_34.wav,V8,inline-6,1.7928578853607178,1.0533983196531023,0.3362664294359401,2.199028808638434,V8
4ci8PnX4LJ8_24_34.wav,V8,single-cylinder,1.8887131214141846,1.1216776981586363,0.30824572288952823,2.4883895097238544,V8
14MSWz121Gg_30_40.wav,inline-6,V6,1.5826683044433594,1.1615806198433827,0.2927163508760825,1.4385519747690434,V8
14MSWz121Gg_30_40.wav,inline-6,V8,1.5586413145065308,1.0575190143925803,0.23122778323742024,2.1672235624012695,V8
14MSWz121Gg_30_40.wav,inline-6,inline-4,1.4050809144973755,1.0405222943850927,0.2864606095232346,1.2726308888298086,V8
14MSWz121Gg_30_40.wav,inline-6,inline-6,1.5193305015563965,1.0533983196531023,0.3362664294359401,1.3856042147438208,V8
14MSWz121Gg_30_40.wav,inline-6,single-cylinder,1.6458680629730225,1.1216776981586363,0.30824572288952823,1.7005600593596883,V8
-bE3b6j_Ois_30_40.wav,inline-6,V6,1.1245901584625244,1.1615806198433827,0.2927163508760825,-0.12636964511940665,V8
-bE3b6j_Ois_30_40.wav,inline-6,V8,1.1234736442565918,1.0575190143925803,0.23122778323742024,0.28523661361355745,V8
-bE3b6j_Ois_30_40.wav,inline-6,inline-4,1.049202561378479,1.0405222943850927,0.2864606095232346,0.03030178218161705,V8
-bE3b6j_Ois_30_40.wav,inline-6,inline-6,1.0834074020385742,1.0533983196531023,0.3362664294359401,0.08924198123437352,V8
-bE3b6j_Ois_30_40.wav,inline-6,single-cylinder,1.1148544549942017,1.1216776981586363,0.30824572288952823,-0.022135726979348826,V8
4rs7pa7W60g_30_40.wav,V6,V6,1.4147249460220337,1.1615806198433827,0.2927163508760825,0.8648110207065823,V8
4rs7pa7W60g_30_40.wav,V6,V8,1.435606837272644,1.0575190143925803,0.23122778323742024,1.635131460356779,V8
4rs7pa7W60g_30_40.wav,V6,inline-4,1.2809072732925415,1.0405222943850927,0.2864606095232346,0.839155440280355,V8
4rs7pa7W60g_30_40.wav,V6,inline-6,1.4429457187652588,1.0533983196531023,0.3362664294359401,1.1584486734688055,V8
4rs7pa7W60g_30_40.wav,V6,single-cylinder,1.5297304391860962,1.1216776981586363,0.30824572288952823,1.3237904396607034,V8
1hPPwSVRXeM_30_40.wav,inline-4,V6,1.4883196353912354,1.1615806198433827,0.2927163508760825,1.1162308308707127,V8
1hPPwSVRXeM_30_40.wav,inline-4,V8,1.4704363346099854,1.0575190143925803,0.23122778323742024,1.7857599741525414,V8
1hPPwSVRXeM_30_40.wav,inline-4,inline-4,1.4009038209915161,1.0405222943850927,0.2864606095232346,1.2580491510027076,V8
1hPPwSVRXeM_30_40.wav,inline-4,inline-6,1.430657982826233,1.0533983196531023,0.3362664294359401,1.1219070063162517,V8
1hPPwSVRXeM_30_40.wav,inline-4,single-cylinder,1.4359692335128784,1.1216776981586363,0.30824572288952823,1.0196136134770657,V8
1i3ni_oYbcY_25_35.wav,V8,V6,0.742382287979126,1.1615806198433827,0.2927163508760825,-1.432097423357531,inline-6
1i3ni_oYbcY_25_35.wav,V8,V8,0.7611979842185974,1.0575190143925803,0.23122778323742024,-1.281511356573125,inline-6
1i3ni_oYbcY_25_35.wav,V8,inline-4,0.7455917596817017,1.0405222943850927,0.2864606095232346,-1.0295675038681695,inline-6
1i3ni_oYbcY_25_35.wav,V8,inline-6,0.7696861028671265,1.0533983196531023,0.3362664294359401,-0.843712580116547,inline-6
1i3ni_oYbcY_25_35.wav,V8,single-cylinder,0.7586023211479187,1.1216776981586363,0.30824572288952823,-1.1778764474238614,inline-6
2IiLWMW9MX0_0_7.wav,inline-4,V6,1.0183823108673096,1.1615806198433827,0.2927163508760825,-0.4892050223620551,inline-4
2IiLWMW9MX0_0_7.wav,inline-4,V8,1.0653926134109497,1.0575190143925803,0.23122778323742024,0.034051267145025176,inline-4
2IiLWMW9MX0_0_7.wav,inline-4,inline-4,1.1099170446395874,1.0405222943850927,0.2864606095232346,0.24224883962228025,inline-4
2IiLWMW9MX0_0_7.wav,inline-4,inline-6,1.0103360414505005,1.0533983196531023,0.3362664294359401,-0.1280599977667568,inline-4
2IiLWMW9MX0_0_7.wav,inline-4,single-cylinder,0.8605783581733704,1.1216776981586363,0.30824572288952823,-0.8470493525025843,inline-4
0SI1kK93K0E_29_39.wav,inline-4,V6,1.2192268371582031,1.1615806198433827,0.2927163508760825,0.19693541936515938,V8
0SI1kK93K0E_29_39.wav,inline-4,V8,1.2415839433670044,1.0575190143925803,0.23122778323742024,0.7960329264819779,V8
0SI1kK93K0E_29_39.wav,inline-4,inline-4,1.0513116121292114,1.0405222943850927,0.2864606095232346,0.037664228118748096,V8
0SI1kK93K0E_29_39.wav,inline-4,inline-6,1.1598988771438599,1.0533983196531023,0.3362664294359401,0.3167148075691163,V8
0SI1kK93K0E_29_39.wav,inline-4,single-cylinder,1.2280890941619873,1.1216776981586363,0.30824572288952823,0.3452161314870464,V8
1bnzy5WFtoE_30_40.wav,single-cylinder,V6,0.959643542766571,1.1615806198433827,0.2927163508760825,-0.6898728973370503,inline-4
1bnzy5WFtoE_30_40.wav,single-cylinder,V8,0.9655718803405762,1.0575190143925803,0.23122778323742024,-0.3976474313105991,inline-4
1bnzy5WFtoE_30_40.wav,single-cylinder,inline-4,0.9693496227264404,1.0405222943850927,0.2864606095232346,-0.24845535229819968,inline-4
1bnzy5WFtoE_30_40.wav,single-cylinder,inline-6,0.9472966194152832,1.0533983196531023,0.3362664294359401,-0.31552867295077935,inline-4
1bnzy5WFtoE_30_40.wav,single-cylinder,single-cylinder,0.9484827518463135,1.1216776981586363,0.30824572288952823,-0.5618729910954641,inline-4
0jcn4Qd5Mcw_0_10.wav,V6,V6,0.5464531779289246,1.1615806198433827,0.2927163508760825,-2.101445443937172,inline-6
0jcn4Qd5Mcw_0_10.wav,V6,V8,0.5263294577598572,1.0575190143925803,0.23122778323742024,-2.2972566237306697,inline-6
0jcn4Qd5Mcw_0_10.wav,V6,inline-4,0.5154668092727661,1.0405222943850927,0.2864606095232346,-1.83290640198732,inline-6
0jcn4Qd5Mcw_0_10.wav,V6,inline-6,0.5193957090377808,1.0533983196531023,0.3362664294359401,-1.5880342605447353,inline-6
0jcn4Qd5Mcw_0_10.wav,V6,single-cylinder,0.5817763805389404,1.1216776981586363,0.30824572288952823,-1.751528983301385,inline-6
2IUq-EUv-L4_30_40.wav,inline-6,V6,1.1743685007095337,1.1615806198433827,0.2927163508760825,0.043686937295705046,V8
2IUq-EUv-L4_30_40.wav,inline-6,V8,1.1799525022506714,1.0575190143925803,0.23122778323742024,0.5294929793638972,V8
2IUq-EUv-L4_30_40.wav,inline-6,inline-4,1.0773216485977173,1.0405222943850927,0.2864606095232346,0.1284621794035519,V8
2IUq-EUv-L4_30_40.wav,inline-6,inline-6,1.1409133672714233,1.0533983196531023,0.3362664294359401,0.2602550833430519,V8
2IUq-EUv-L4_30_40.wav,inline-6,single-cylinder,1.2059797048568726,1.1216776981586363,0.30824572288952823,0.2734896234990069,V8
-Ep82UWVIbI_10_20.wav,single-cylinder,V6,0.9564549326896667,1.1615806198433827,0.2927163508760825,-0.7007660711121434,inline-6
-Ep82UWVIbI_10_20.wav,single-cylinder,V8,0.9447897672653198,1.0575190143925803,0.23122778323742024,-0.48752466312195836,inline-6
-Ep82UWVIbI_10_20.wav,single-cylinder,inline-4,0.956242561340332,1.0405222943850927,0.2864606095232346,-0.2942105484765604,inline-6
-Ep82UWVIbI_10_20.wav,single-cylinder,inline-6,0.9798747897148132,1.0533983196531023,0.3362664294359401,-0.2186466548612029,inline-6
-Ep82UWVIbI_10_20.wav,single-cylinder,single-cylinder,1.0211912393569946,1.1216776981586363,0.30824572288952823,-0.32599465731323335,inline-6
