rep,feature_index,var
MFCC+Δ+ΔΔ,0,4964.2163
MFCC+Δ+ΔΔ,1,2318.2913
MFCC+Δ+ΔΔ,2,1346.0936
MFCC+Δ+ΔΔ,3,461.24466
MFCC+Δ+ΔΔ,4,328.76157
MFCC+Δ+ΔΔ,5,269.70117
MFCC+Δ+ΔΔ,6,174.06764
MFCC+Δ+ΔΔ,7,109.514435
MFCC+Δ+ΔΔ,8,124.29662
MFCC+Δ+ΔΔ,9,94.7173
MFCC+Δ+ΔΔ,10,78.133484
MFCC+Δ+ΔΔ,11,50.733418
MFCC+Δ+ΔΔ,12,48.008434
MFCC+Δ+ΔΔ,13,46.684895
MFCC+Δ+ΔΔ,14,41.106915
MFCC+Δ+ΔΔ,15,33.663727
MFCC+Δ+ΔΔ,16,32.98752
MFCC+Δ+ΔΔ,17,26.985794
MFCC+Δ+ΔΔ,18,29.09901
MFCC+Δ+ΔΔ,19,24.722162
MFCC+Δ+ΔΔ,20,15.027031
MFCC+Δ+ΔΔ,21,2.8750718
MFCC+Δ+ΔΔ,22,1.5779371
MFCC+Δ+ΔΔ,23,1.0022826
MFCC+Δ+ΔΔ,24,0.7963647
MFCC+Δ+ΔΔ,25,0.7090486
MFCC+Δ+ΔΔ,26,0.6384611
MFCC+Δ+ΔΔ,27,0.5861624
MFCC+Δ+ΔΔ,28,0.53912574
MFCC+Δ+ΔΔ,29,0.5372345
MFCC+Δ+ΔΔ,30,0.5202537
MFCC+Δ+ΔΔ,31,0.48424026
MFCC+Δ+ΔΔ,32,0.45853359
MFCC+Δ+ΔΔ,33,0.43867666
MFCC+Δ+ΔΔ,34,0.42187676
MFCC+Δ+ΔΔ,35,0.40382075
MFCC+Δ+ΔΔ,36,0.37957877
MFCC+Δ+ΔΔ,37,0.37350935
MFCC+Δ+ΔΔ,38,0.3531376
MFCC+Δ+ΔΔ,39,0.3405637
MFCC+Δ+ΔΔ,40,5.046955
MFCC+Δ+ΔΔ,41,1.4111382
MFCC+Δ+ΔΔ,42,0.77716833
MFCC+Δ+ΔΔ,43,0.5210542
MFCC+Δ+ΔΔ,44,0.4497126
MFCC+Δ+ΔΔ,45,0.41523317
MFCC+Δ+ΔΔ,46,0.38196638
MFCC+Δ+ΔΔ,47,0.35861292
MFCC+Δ+ΔΔ,48,0.3323266
MFCC+Δ+ΔΔ,49,0.32798183
MFCC+Δ+ΔΔ,50,0.32377806
MFCC+Δ+ΔΔ,51,0.30651897
MFCC+Δ+ΔΔ,52,0.29004654
MFCC+Δ+ΔΔ,53,0.28004643
MFCC+Δ+ΔΔ,54,0.26980284
MFCC+Δ+ΔΔ,55,0.26176468
MFCC+Δ+ΔΔ,56,0.2443037
MFCC+Δ+ΔΔ,57,0.24072173
MFCC+Δ+ΔΔ,58,0.22899592
MFCC+Δ+ΔΔ,59,0.22162528
FFT_logmag,0,0.7329054
FFT_logmag,1,0.8664311
FFT_logmag,2,1.0456254
FFT_logmag,3,1.1602006
FFT_logmag,4,1.1906469
FFT_logmag,5,1.150538
FFT_logmag,6,1.0935935
FFT_logmag,7,1.0361161
FFT_logmag,8,0.9781416
FFT_logmag,9,0.9112719
FFT_logmag,10,0.854922
FFT_logmag,11,0.815445
FFT_logmag,12,0.78796715
FFT_logmag,13,0.7581438
FFT_logmag,14,0.7282712
FFT_logmag,15,0.7059445
FFT_logmag,16,0.67664295
FFT_logmag,17,0.6426557
FFT_logmag,18,0.61062795
FFT_logmag,19,0.5862239
FFT_logmag,20,0.56394583
FFT_logmag,21,0.5442169
FFT_logmag,22,0.53732246
FFT_logmag,23,0.53521717
FFT_logmag,24,0.53266805
FFT_logmag,25,0.53053486
FFT_logmag,26,0.532122
FFT_logmag,27,0.5335734
FFT_logmag,28,0.5343477
FFT_logmag,29,0.5377552
FFT_logmag,30,0.53977984
FFT_logmag,31,0.5348412
FFT_logmag,32,0.5226556
FFT_logmag,33,0.5122132
FFT_logmag,34,0.507488
FFT_logmag,35,0.50213283
FFT_logmag,36,0.4957137
FFT_logmag,37,0.4899113
FFT_logmag,38,0.48896262
FFT_logmag,39,0.488271
FFT_logmag,40,0.4844314
FFT_logmag,41,0.47771823
FFT_logmag,42,0.47220552
FFT_logmag,43,0.4703813
FFT_logmag,44,0.46989274
FFT_logmag,45,0.47092193
FFT_logmag,46,0.4711719
FFT_logmag,47,0.46505722
FFT_logmag,48,0.45580533
FFT_logmag,49,0.44963723
FFT_logmag,50,0.447821
FFT_logmag,51,0.44904447
FFT_logmag,52,0.44983035
FFT_logmag,53,0.44857466
FFT_logmag,54,0.44630206
FFT_logmag,55,0.44458795
FFT_logmag,56,0.44125342
FFT_logmag,57,0.43533087
FFT_logmag,58,0.4304552
FFT_logmag,59,0.425049
FFT_logmag,60,0.41828674
FFT_logmag,61,0.41138726
FFT_logmag,62,0.40676087
FFT_logmag,63,0.40933257
FFT_logmag,64,0.4150262
FFT_logmag,65,0.41865003
FFT_logmag,66,0.41867995
FFT_logmag,67,0.41698882
FFT_logmag,68,0.4142659
FFT_logmag,69,0.40959296
FFT_logmag,70,0.40519458
FFT_logmag,71,0.40176913
FFT_logmag,72,0.39925626
FFT_logmag,73,0.3974561
FFT_logmag,74,0.39622936
FFT_logmag,75,0.3958067
FFT_logmag,76,0.3936837
FFT_logmag,77,0.38926125
FFT_logmag,78,0.38412026
FFT_logmag,79,0.38173762
FFT_logmag,80,0.38239908
FFT_logmag,81,0.38267025
FFT_logmag,82,0.38036713
FFT_logmag,83,0.37618202
FFT_logmag,84,0.37365568
FFT_logmag,85,0.37293068
FFT_logmag,86,0.37382147
FFT_logmag,87,0.3746924
FFT_logmag,88,0.37387103
FFT_logmag,89,0.37119436
FFT_logmag,90,0.3674822
FFT_logmag,91,0.36275542
FFT_logmag,92,0.35986912
FFT_logmag,93,0.3578004
FFT_logmag,94,0.3574164
FFT_logmag,95,0.35742676
FFT_logmag,96,0.3570316
FFT_logmag,97,0.3560061
FFT_logmag,98,0.35466817
FFT_logmag,99,0.35382125
FFT_logmag,100,0.35367975
FFT_logmag,101,0.3541521
FFT_logmag,102,0.35416186
FFT_logmag,103,0.35308176
FFT_logmag,104,0.35168436
FFT_logmag,105,0.35052156
FFT_logmag,106,0.3514017
FFT_logmag,107,0.352655
FFT_logmag,108,0.35256588
FFT_logmag,109,0.35097256
FFT_logmag,110,0.34799728
FFT_logmag,111,0.34495032
FFT_logmag,112,0.34310594
FFT_logmag,113,0.3426039
FFT_logmag,114,0.3417158
FFT_logmag,115,0.33879042
FFT_logmag,116,0.33684617
FFT_logmag,117,0.3372832
FFT_logmag,118,0.33850738
FFT_logmag,119,0.34106374
FFT_logmag,120,0.34510434
FFT_logmag,121,0.3473391
FFT_logmag,122,0.346014
FFT_logmag,123,0.34332252
FFT_logmag,124,0.34030107
FFT_logmag,125,0.33874127
FFT_logmag,126,0.33796358
FFT_logmag,127,0.33801126
FFT_logmag,128,0.3378384
FFT_logmag,129,0.33659118
FFT_logmag,130,0.33500427
FFT_logmag,131,0.3322352
FFT_logmag,132,0.32817897
FFT_logmag,133,0.32385984
FFT_logmag,134,0.32100293
FFT_logmag,135,0.3183171
FFT_logmag,136,0.31431273
FFT_logmag,137,0.30948117
FFT_logmag,138,0.30451897
FFT_logmag,139,0.30067664
FFT_logmag,140,0.2981515
FFT_logmag,141,0.29686832
FFT_logmag,142,0.29595593
FFT_logmag,143,0.29587424
FFT_logmag,144,0.29601705
FFT_logmag,145,0.2943438
FFT_logmag,146,0.29195622
FFT_logmag,147,0.29018536
FFT_logmag,148,0.28799808
FFT_logmag,149,0.2854211
FFT_logmag,150,0.28318584
FFT_logmag,151,0.28227073
FFT_logmag,152,0.28211817
FFT_logmag,153,0.2823311
FFT_logmag,154,0.28134528
FFT_logmag,155,0.27974102
FFT_logmag,156,0.27853426
FFT_logmag,157,0.27926353
FFT_logmag,158,0.28074795
FFT_logmag,159,0.2798259
FFT_logmag,160,0.27769464
FFT_logmag,161,0.2755037
FFT_logmag,162,0.27373913
FFT_logmag,163,0.27129146
FFT_logmag,164,0.26828584
FFT_logmag,165,0.2663264
FFT_logmag,166,0.26481703
FFT_logmag,167,0.262054
FFT_logmag,168,0.2581622
FFT_logmag,169,0.25485402
FFT_logmag,170,0.25217223
FFT_logmag,171,0.24966645
FFT_logmag,172,0.24856539
FFT_logmag,173,0.24860728
FFT_logmag,174,0.24864092
FFT_logmag,175,0.24727978
FFT_logmag,176,0.2456696
FFT_logmag,177,0.24537407
FFT_logmag,178,0.24524166
FFT_logmag,179,0.24337803
FFT_logmag,180,0.24118654
FFT_logmag,181,0.23994437
FFT_logmag,182,0.23930952
FFT_logmag,183,0.23853348
FFT_logmag,184,0.23749572
FFT_logmag,185,0.23761037
FFT_logmag,186,0.23961122
FFT_logmag,187,0.23856845
FFT_logmag,188,0.23806643
FFT_logmag,189,0.2364517
FFT_logmag,190,0.23414811
FFT_logmag,191,0.23288697
FFT_logmag,192,0.23347908
FFT_logmag,193,0.23495977
FFT_logmag,194,0.23535225
FFT_logmag,195,0.2352031
FFT_logmag,196,0.23516913
FFT_logmag,197,0.23587538
FFT_logmag,198,0.23646902
FFT_logmag,199,0.23614596
FFT_logmag,200,0.23406258
FFT_logmag,201,0.23104763
FFT_logmag,202,0.22947532
FFT_logmag,203,0.23000298
FFT_logmag,204,0.23133712
FFT_logmag,205,0.23193899
FFT_logmag,206,0.23169924
FFT_logmag,207,0.23106734
FFT_logmag,208,0.23082437
FFT_logmag,209,0.23026316
FFT_logmag,210,0.22869769
FFT_logmag,211,0.22739403
FFT_logmag,212,0.2267853
FFT_logmag,213,0.22742572
FFT_logmag,214,0.22871868
FFT_logmag,215,0.22893885
FFT_logmag,216,0.22932385
FFT_logmag,217,0.23108576
FFT_logmag,218,0.23351502
FFT_logmag,219,0.2360504
FFT_logmag,220,0.23858032
FFT_logmag,221,0.24036334
FFT_logmag,222,0.24165781
FFT_logmag,223,0.24179275
FFT_logmag,224,0.24043089
FFT_logmag,225,0.23874518
FFT_logmag,226,0.23819381
FFT_logmag,227,0.23784336
FFT_logmag,228,0.23638162
FFT_logmag,229,0.23416598
FFT_logmag,230,0.23243994
FFT_logmag,231,0.23139894
FFT_logmag,232,0.23057537
FFT_logmag,233,0.22979917
FFT_logmag,234,0.22815533
FFT_logmag,235,0.22571294
FFT_logmag,236,0.22319873
FFT_logmag,237,0.22229542
FFT_logmag,238,0.22204334
FFT_logmag,239,0.22183254
FFT_logmag,240,0.22223845
FFT_logmag,241,0.22229
FFT_logmag,242,0.22070237
FFT_logmag,243,0.2182061
FFT_logmag,244,0.21606329
FFT_logmag,245,0.21459842
FFT_logmag,246,0.2131988
FFT_logmag,247,0.21156032
FFT_logmag,248,0.20996049
FFT_logmag,249,0.20840092
FFT_logmag,250,0.20682721
FFT_logmag,251,0.20583783
FFT_logmag,252,0.2051495
FFT_logmag,253,0.20459674
FFT_logmag,254,0.20330422
FFT_logmag,255,0.20267412
FFT_logmag,256,0.2027636
FFT_logmag,257,0.20076996
FFT_logmag,258,0.20000021
FFT_logmag,259,0.19958103
FFT_logmag,260,0.1992823
FFT_logmag,261,0.19876632
FFT_logmag,262,0.19828115
FFT_logmag,263,0.19729836
FFT_logmag,264,0.1952764
FFT_logmag,265,0.19313596
FFT_logmag,266,0.1914744
FFT_logmag,267,0.19071665
FFT_logmag,268,0.18972379
FFT_logmag,269,0.18924794
FFT_logmag,270,0.18998316
FFT_logmag,271,0.19086348
FFT_logmag,272,0.19122118
FFT_logmag,273,0.19171417
FFT_logmag,274,0.19285138
FFT_logmag,275,0.19469528
FFT_logmag,276,0.19646783
FFT_logmag,277,0.19686879
FFT_logmag,278,0.19677171
FFT_logmag,279,0.19706789
FFT_logmag,280,0.19673583
FFT_logmag,281,0.19591898
FFT_logmag,282,0.19585535
FFT_logmag,283,0.1964239
FFT_logmag,284,0.1972172
FFT_logmag,285,0.19832596
FFT_logmag,286,0.19874404
FFT_logmag,287,0.19842385
FFT_logmag,288,0.19844584
FFT_logmag,289,0.19911352
FFT_logmag,290,0.2004037
FFT_logmag,291,0.20103827
FFT_logmag,292,0.20027593
FFT_logmag,293,0.19831821
FFT_logmag,294,0.19620429
FFT_logmag,295,0.19472437
FFT_logmag,296,0.19316176
FFT_logmag,297,0.1916414
FFT_logmag,298,0.19097587
FFT_logmag,299,0.19071494
FFT_logmag,300,0.19049051
FFT_logmag,301,0.18979053
FFT_logmag,302,0.18934323
FFT_logmag,303,0.18884933
FFT_logmag,304,0.18786195
FFT_logmag,305,0.18715158
FFT_logmag,306,0.18684915
FFT_logmag,307,0.18620014
FFT_logmag,308,0.18546873
FFT_logmag,309,0.18503752
FFT_logmag,310,0.18469562
FFT_logmag,311,0.18371873
FFT_logmag,312,0.18187146
FFT_logmag,313,0.18018936
FFT_logmag,314,0.17902102
FFT_logmag,315,0.17839551
FFT_logmag,316,0.17760336
FFT_logmag,317,0.17736256
FFT_logmag,318,0.17717817
FFT_logmag,319,0.17659943
FFT_logmag,320,0.17524676
FFT_logmag,321,0.1730074
FFT_logmag,322,0.17092064
FFT_logmag,323,0.16918968
FFT_logmag,324,0.16744459
FFT_logmag,325,0.16550153
FFT_logmag,326,0.16449991
FFT_logmag,327,0.16394685
FFT_logmag,328,0.16199106
FFT_logmag,329,0.15971081
FFT_logmag,330,0.15801337
FFT_logmag,331,0.1567708
FFT_logmag,332,0.15585941
FFT_logmag,333,0.15473315
FFT_logmag,334,0.15320128
FFT_logmag,335,0.15224065
FFT_logmag,336,0.15156496
FFT_logmag,337,0.15024613
FFT_logmag,338,0.14807497
FFT_logmag,339,0.14662753
FFT_logmag,340,0.14595127
FFT_logmag,341,0.14523958
FFT_logmag,342,0.14459053
FFT_logmag,343,0.14368512
FFT_logmag,344,0.14231925
FFT_logmag,345,0.14069068
FFT_logmag,346,0.1397175
FFT_logmag,347,0.13869941
FFT_logmag,348,0.13737036
FFT_logmag,349,0.1359168
FFT_logmag,350,0.13480042
FFT_logmag,351,0.13393077
FFT_logmag,352,0.13307643
FFT_logmag,353,0.132732
FFT_logmag,354,0.13202761
FFT_logmag,355,0.13042292
FFT_logmag,356,0.12953417
FFT_logmag,357,0.12953904
FFT_logmag,358,0.12958038
FFT_logmag,359,0.12924735
FFT_logmag,360,0.12874232
FFT_logmag,361,0.12810667
FFT_logmag,362,0.12729892
FFT_logmag,363,0.1265308
FFT_logmag,364,0.12593354
FFT_logmag,365,0.12582949
FFT_logmag,366,0.12550035
FFT_logmag,367,0.12499791
FFT_logmag,368,0.12441098
FFT_logmag,369,0.12390092
FFT_logmag,370,0.12313194
FFT_logmag,371,0.12233694
FFT_logmag,372,0.121089265
FFT_logmag,373,0.1196244
FFT_logmag,374,0.118217476
FFT_logmag,375,0.11681428
FFT_logmag,376,0.1158871
FFT_logmag,377,0.11526346
FFT_logmag,378,0.115036905
FFT_logmag,379,0.114718586
FFT_logmag,380,0.11434351
FFT_logmag,381,0.11412445
FFT_logmag,382,0.114180386
FFT_logmag,383,0.114683636
FFT_logmag,384,0.115169756
FFT_logmag,385,0.11444009
FFT_logmag,386,0.113160945
FFT_logmag,387,0.11234786
FFT_logmag,388,0.112207234
FFT_logmag,389,0.11258538
FFT_logmag,390,0.11287961
FFT_logmag,391,0.11291154
FFT_logmag,392,0.11292249
FFT_logmag,393,0.1128044
FFT_logmag,394,0.1121184
FFT_logmag,395,0.11140644
FFT_logmag,396,0.111635715
FFT_logmag,397,0.112789035
FFT_logmag,398,0.11410976
FFT_logmag,399,0.11498082
FFT_logmag,400,0.11468154
FFT_logmag,401,0.113117896
FFT_logmag,402,0.1114694
FFT_logmag,403,0.109796375
FFT_logmag,404,0.10840182
FFT_logmag,405,0.107271455
FFT_logmag,406,0.106859885
FFT_logmag,407,0.10724886
FFT_logmag,408,0.107740164
FFT_logmag,409,0.108032
FFT_logmag,410,0.10778973
FFT_logmag,411,0.107252575
FFT_logmag,412,0.10661431
FFT_logmag,413,0.10566514
FFT_logmag,414,0.104556575
FFT_logmag,415,0.10379807
FFT_logmag,416,0.10347853
FFT_logmag,417,0.1030791
FFT_logmag,418,0.10248602
FFT_logmag,419,0.10199744
FFT_logmag,420,0.101564445
FFT_logmag,421,0.10064228
FFT_logmag,422,0.09978158
FFT_logmag,423,0.099125326
FFT_logmag,424,0.09855605
FFT_logmag,425,0.09817773
FFT_logmag,426,0.098100275
FFT_logmag,427,0.097911455
FFT_logmag,428,0.09718401
FFT_logmag,429,0.09647601
FFT_logmag,430,0.096092135
FFT_logmag,431,0.095534086
FFT_logmag,432,0.095294386
FFT_logmag,433,0.09549237
FFT_logmag,434,0.096008494
FFT_logmag,435,0.09599027
FFT_logmag,436,0.09517121
FFT_logmag,437,0.09472186
FFT_logmag,438,0.09512666
FFT_logmag,439,0.0953342
FFT_logmag,440,0.09523046
FFT_logmag,441,0.09515142
FFT_logmag,442,0.09528694
FFT_logmag,443,0.095275804
FFT_logmag,444,0.094973885
FFT_logmag,445,0.094846435
FFT_logmag,446,0.09437391
FFT_logmag,447,0.093238235
FFT_logmag,448,0.09163765
FFT_logmag,449,0.09034316
FFT_logmag,450,0.089066364
FFT_logmag,451,0.087491155
FFT_logmag,452,0.08647146
FFT_logmag,453,0.08610914
FFT_logmag,454,0.08561516
FFT_logmag,455,0.08491702
FFT_logmag,456,0.08438996
FFT_logmag,457,0.08402262
FFT_logmag,458,0.08358255
FFT_logmag,459,0.082826495
FFT_logmag,460,0.08223546
FFT_logmag,461,0.08176136
FFT_logmag,462,0.08135728
FFT_logmag,463,0.080972224
FFT_logmag,464,0.08012569
FFT_logmag,465,0.07897324
FFT_logmag,466,0.07775261
FFT_logmag,467,0.07693418
FFT_logmag,468,0.07594427
FFT_logmag,469,0.07543484
FFT_logmag,470,0.07524221
FFT_logmag,471,0.07491812
FFT_logmag,472,0.07393231
FFT_logmag,473,0.07302098
FFT_logmag,474,0.07277262
FFT_logmag,475,0.07302819
FFT_logmag,476,0.07320386
FFT_logmag,477,0.07272569
FFT_logmag,478,0.07159923
FFT_logmag,479,0.07008461
FFT_logmag,480,0.06797916
FFT_logmag,481,0.0656584
FFT_logmag,482,0.06296388
FFT_logmag,483,0.059972536
FFT_logmag,484,0.05618801
FFT_logmag,485,0.052235834
FFT_logmag,486,0.047946
FFT_logmag,487,0.04332034
FFT_logmag,488,0.03827524
FFT_logmag,489,0.032919362
FFT_logmag,490,0.027528312
FFT_logmag,491,0.022328084
FFT_logmag,492,0.01766789
FFT_logmag,493,0.013592381
FFT_logmag,494,0.010060454
FFT_logmag,495,0.0070640272
FFT_logmag,496,0.004683292
FFT_logmag,497,0.002965745
FFT_logmag,498,0.0017873278
FFT_logmag,499,0.0010138414
FFT_logmag,500,0.0005471315
FFT_logmag,501,0.0002822195
FFT_logmag,502,0.00013719563
FFT_logmag,503,6.252104e-05
FFT_logmag,504,2.7909477e-05
FFT_logmag,505,1.35679775e-05
FFT_logmag,506,8.236024e-06
FFT_logmag,507,6.437061e-06
FFT_logmag,508,5.8594655e-06
FFT_logmag,509,5.6797717e-06
FFT_logmag,510,5.620842e-06
FFT_logmag,511,5.598184e-06
FFT_logmag,512,5.595757e-06
FFT_mag,0,33.76358
FFT_mag,1,47.142517
FFT_mag,2,89.7005
FFT_mag,3,143.74321
FFT_mag,4,181.06311
FFT_mag,5,188.08937
FFT_mag,6,175.98228
FFT_mag,7,159.6589
FFT_mag,8,141.66429
FFT_mag,9,121.726295
FFT_mag,10,104.86323
FFT_mag,11,92.69037
FFT_mag,12,81.80379
FFT_mag,13,72.89509
FFT_mag,14,68.19553
FFT_mag,15,62.342705
FFT_mag,16,51.835754
FFT_mag,17,41.42343
FFT_mag,18,34.527096
FFT_mag,19,30.064253
FFT_mag,20,26.655666
FFT_mag,21,24.543787
FFT_mag,22,23.979021
FFT_mag,23,23.682083
FFT_mag,24,22.871843
FFT_mag,25,22.03987
FFT_mag,26,21.747137
FFT_mag,27,21.738066
FFT_mag,28,21.723286
FFT_mag,29,22.04375
FFT_mag,30,22.110569
FFT_mag,31,21.029932
FFT_mag,32,19.818233
FFT_mag,33,20.329395
FFT_mag,34,21.43796
FFT_mag,35,20.77145
FFT_mag,36,18.614326
FFT_mag,37,16.60135
FFT_mag,38,15.538201
FFT_mag,39,15.183242
FFT_mag,40,14.989177
FFT_mag,41,14.959666
FFT_mag,42,15.237256
FFT_mag,43,15.766731
FFT_mag,44,16.696438
FFT_mag,45,17.383163
FFT_mag,46,16.317528
FFT_mag,47,13.8598795
FFT_mag,48,12.030016
FFT_mag,49,11.442985
FFT_mag,50,11.426195
FFT_mag,51,11.444008
FFT_mag,52,11.485453
FFT_mag,53,11.675572
FFT_mag,54,11.828778
FFT_mag,55,11.581477
FFT_mag,56,10.917706
FFT_mag,57,10.333717
FFT_mag,58,10.164203
FFT_mag,59,9.8836355
FFT_mag,60,9.204837
FFT_mag,61,8.569986
FFT_mag,62,8.366798
FFT_mag,63,8.568152
FFT_mag,64,8.970233
FFT_mag,65,9.365442
FFT_mag,66,9.605196
FFT_mag,67,9.635769
FFT_mag,68,9.558859
FFT_mag,69,9.451117
FFT_mag,70,9.223121
FFT_mag,71,8.885051
FFT_mag,72,8.5038185
FFT_mag,73,8.211647
FFT_mag,74,8.121585
FFT_mag,75,8.033242
FFT_mag,76,7.7531953
FFT_mag,77,7.3402867
FFT_mag,78,6.995131
FFT_mag,79,6.9462786
FFT_mag,80,7.127194
FFT_mag,81,7.19813
FFT_mag,82,7.0189466
FFT_mag,83,6.776493
FFT_mag,84,6.6425724
FFT_mag,85,6.608162
FFT_mag,86,6.5382977
FFT_mag,87,6.4494014
FFT_mag,88,6.390578
FFT_mag,89,6.266838
FFT_mag,90,6.0690575
FFT_mag,91,5.8650365
FFT_mag,92,5.6911283
FFT_mag,93,5.593513
FFT_mag,94,5.5550013
FFT_mag,95,5.5120244
FFT_mag,96,5.4310937
FFT_mag,97,5.3372703
FFT_mag,98,5.27423
FFT_mag,99,5.2651877
FFT_mag,100,5.3022304
FFT_mag,101,5.3332233
FFT_mag,102,5.318762
FFT_mag,103,5.228084
FFT_mag,104,5.0914083
FFT_mag,105,5.03191
FFT_mag,106,5.0856113
FFT_mag,107,5.1728764
FFT_mag,108,5.233016
FFT_mag,109,5.2275834
FFT_mag,110,5.1263604
FFT_mag,111,4.9762774
FFT_mag,112,4.889409
FFT_mag,113,4.87257
FFT_mag,114,4.8325715
FFT_mag,115,4.7615323
FFT_mag,116,4.7587337
FFT_mag,117,4.7858095
FFT_mag,118,4.737699
FFT_mag,119,4.729363
FFT_mag,120,4.869312
FFT_mag,121,4.9882035
FFT_mag,122,4.943114
FFT_mag,123,4.8233953
FFT_mag,124,4.7690153
FFT_mag,125,4.788753
FFT_mag,126,4.8028955
FFT_mag,127,4.7777443
FFT_mag,128,4.7351027
FFT_mag,129,4.6765633
FFT_mag,130,4.5798965
FFT_mag,131,4.4258533
FFT_mag,132,4.2607803
FFT_mag,133,4.1430907
FFT_mag,134,4.099467
FFT_mag,135,4.06698
FFT_mag,136,3.9192648
FFT_mag,137,3.6775224
FFT_mag,138,3.4507496
FFT_mag,139,3.285989
FFT_mag,140,3.1992245
FFT_mag,141,3.1656458
FFT_mag,142,3.1656692
FFT_mag,143,3.2004957
FFT_mag,144,3.2087162
FFT_mag,145,3.1485288
FFT_mag,146,3.074281
FFT_mag,147,3.0299797
FFT_mag,148,2.9957478
FFT_mag,149,2.9519904
FFT_mag,150,2.9112117
FFT_mag,151,2.9072886
FFT_mag,152,2.9335504
FFT_mag,153,2.9734173
FFT_mag,154,2.9749196
FFT_mag,155,2.9081523
FFT_mag,156,2.8420265
FFT_mag,157,2.8565469
FFT_mag,158,2.9157715
FFT_mag,159,2.9315457
FFT_mag,160,2.8914633
FFT_mag,161,2.827782
FFT_mag,162,2.7444572
FFT_mag,163,2.64959
FFT_mag,164,2.572291
FFT_mag,165,2.548886
FFT_mag,166,2.5488477
FFT_mag,167,2.4937737
FFT_mag,168,2.389268
FFT_mag,169,2.3117251
FFT_mag,170,2.2642841
FFT_mag,171,2.207409
FFT_mag,172,2.1610148
FFT_mag,173,2.1722152
FFT_mag,174,2.1981606
FFT_mag,175,2.1642551
FFT_mag,176,2.0986297
FFT_mag,177,2.0639746
FFT_mag,178,2.0466406
FFT_mag,179,2.00807
FFT_mag,180,1.9685744
FFT_mag,181,1.9564495
FFT_mag,182,1.9577507
FFT_mag,183,1.9728271
FFT_mag,184,2.0051925
FFT_mag,185,2.040616
FFT_mag,186,2.0776832
FFT_mag,187,2.0970938
FFT_mag,188,2.0741532
FFT_mag,189,1.9948373
FFT_mag,190,1.9182401
FFT_mag,191,1.9049902
FFT_mag,192,1.9605765
FFT_mag,193,2.0262332
FFT_mag,194,2.016729
FFT_mag,195,1.9204307
FFT_mag,196,1.8268633
FFT_mag,197,1.7883543
FFT_mag,198,1.7709569
FFT_mag,199,1.7505842
FFT_mag,200,1.7248231
FFT_mag,201,1.6942879
FFT_mag,202,1.6700767
FFT_mag,203,1.6707007
FFT_mag,204,1.7003213
FFT_mag,205,1.7368996
FFT_mag,206,1.7495011
FFT_mag,207,1.753458
FFT_mag,208,1.7644707
FFT_mag,209,1.7566171
FFT_mag,210,1.7168292
FFT_mag,211,1.6685674
FFT_mag,212,1.6450186
FFT_mag,213,1.6629208
FFT_mag,214,1.6985946
FFT_mag,215,1.7168092
FFT_mag,216,1.7174288
FFT_mag,217,1.7310405
FFT_mag,218,1.7799261
FFT_mag,219,1.885192
FFT_mag,220,2.061673
FFT_mag,221,2.2473419
FFT_mag,222,2.3221495
FFT_mag,223,2.2520463
FFT_mag,224,2.1236854
FFT_mag,225,2.0372248
FFT_mag,226,2.0150933
FFT_mag,227,2.004535
FFT_mag,228,1.9690782
FFT_mag,229,1.9250102
FFT_mag,230,1.8936093
FFT_mag,231,1.8814186
FFT_mag,232,1.879676
FFT_mag,233,1.8678007
FFT_mag,234,1.8223757
FFT_mag,235,1.7590225
FFT_mag,236,1.7178856
FFT_mag,237,1.7027192
FFT_mag,238,1.6990674
FFT_mag,239,1.721652
FFT_mag,240,1.7835524
FFT_mag,241,1.8467872
FFT_mag,242,1.852954
FFT_mag,243,1.8112761
FFT_mag,244,1.7684793
FFT_mag,245,1.74564
FFT_mag,246,1.735675
FFT_mag,247,1.7114308
FFT_mag,248,1.6646329
FFT_mag,249,1.6236713
FFT_mag,250,1.5883298
FFT_mag,251,1.5515835
FFT_mag,252,1.5360239
FFT_mag,253,1.5426301
FFT_mag,254,1.5467278
FFT_mag,255,1.5341957
FFT_mag,256,1.5114362
FFT_mag,257,1.4826121
FFT_mag,258,1.4699686
FFT_mag,259,1.4729083
FFT_mag,260,1.4891601
FFT_mag,261,1.4992782
FFT_mag,262,1.488116
FFT_mag,263,1.4623864
FFT_mag,264,1.4145228
FFT_mag,265,1.3569357
FFT_mag,266,1.3193283
FFT_mag,267,1.3036523
FFT_mag,268,1.2903991
FFT_mag,269,1.2788081
FFT_mag,270,1.279932
FFT_mag,271,1.3003095
FFT_mag,272,1.3368797
FFT_mag,273,1.3763416
FFT_mag,274,1.4032891
FFT_mag,275,1.4178766
FFT_mag,276,1.436201
FFT_mag,277,1.4384625
FFT_mag,278,1.4089634
FFT_mag,279,1.3829094
FFT_mag,280,1.3740709
FFT_mag,281,1.3654001
FFT_mag,282,1.3575907
FFT_mag,283,1.349394
FFT_mag,284,1.3383874
FFT_mag,285,1.3341023
FFT_mag,286,1.3357285
FFT_mag,287,1.3382368
FFT_mag,288,1.3445024
FFT_mag,289,1.359171
FFT_mag,290,1.3733314
FFT_mag,291,1.3687054
FFT_mag,292,1.3381338
FFT_mag,293,1.2958778
FFT_mag,294,1.2613294
FFT_mag,295,1.2419882
FFT_mag,296,1.2269955
FFT_mag,297,1.207313
FFT_mag,298,1.1962196
FFT_mag,299,1.2018938
FFT_mag,300,1.2002487
FFT_mag,301,1.1912272
FFT_mag,302,1.1898173
FFT_mag,303,1.1863137
FFT_mag,304,1.1745344
FFT_mag,305,1.1616476
FFT_mag,306,1.1457859
FFT_mag,307,1.1325868
FFT_mag,308,1.1358006
FFT_mag,309,1.1470526
FFT_mag,310,1.1525884
FFT_mag,311,1.1517794
FFT_mag,312,1.1382854
FFT_mag,313,1.1120139
FFT_mag,314,1.0911828
FFT_mag,315,1.0761168
FFT_mag,316,1.0637457
FFT_mag,317,1.063007
FFT_mag,318,1.0708877
FFT_mag,319,1.0692555
FFT_mag,320,1.0489775
FFT_mag,321,1.0168166
FFT_mag,322,0.9878528
FFT_mag,323,0.963436
FFT_mag,324,0.9319074
FFT_mag,325,0.905006
FFT_mag,326,0.90097684
FFT_mag,327,0.9049802
FFT_mag,328,0.8927343
FFT_mag,329,0.86963785
FFT_mag,330,0.8497066
FFT_mag,331,0.84002537
FFT_mag,332,0.8378477
FFT_mag,333,0.8325715
FFT_mag,334,0.8265548
FFT_mag,335,0.8289886
FFT_mag,336,0.8389078
FFT_mag,337,0.8374816
FFT_mag,338,0.81457675
FFT_mag,339,0.7943853
FFT_mag,340,0.8129369
FFT_mag,341,0.8519652
FFT_mag,342,0.8486478
FFT_mag,343,0.787804
FFT_mag,344,0.71977705
FFT_mag,345,0.68230593
FFT_mag,346,0.6732483
FFT_mag,347,0.6736087
FFT_mag,348,0.6662038
FFT_mag,349,0.6514387
FFT_mag,350,0.6398714
FFT_mag,351,0.62954897
FFT_mag,352,0.61916625
FFT_mag,353,0.6120972
FFT_mag,354,0.6029972
FFT_mag,355,0.5920284
FFT_mag,356,0.5869172
FFT_mag,357,0.5911738
FFT_mag,358,0.5944942
FFT_mag,359,0.58722454
FFT_mag,360,0.57757
FFT_mag,361,0.5734574
FFT_mag,362,0.5686903
FFT_mag,363,0.5606825
FFT_mag,364,0.55415165
FFT_mag,365,0.55250084
FFT_mag,366,0.5540718
FFT_mag,367,0.5584314
FFT_mag,368,0.5646524
FFT_mag,369,0.5652416
FFT_mag,370,0.5564771
FFT_mag,371,0.5419283
FFT_mag,372,0.52616096
FFT_mag,373,0.51257896
FFT_mag,374,0.49990708
FFT_mag,375,0.48712522
FFT_mag,376,0.47681004
FFT_mag,377,0.4693882
FFT_mag,378,0.46472004
FFT_mag,379,0.4626423
FFT_mag,380,0.46211848
FFT_mag,381,0.46535054
FFT_mag,382,0.47422022
FFT_mag,383,0.4847591
FFT_mag,384,0.48648253
FFT_mag,385,0.47521698
FFT_mag,386,0.45984232
FFT_mag,387,0.44936407
FFT_mag,388,0.44687855
FFT_mag,389,0.45280257
FFT_mag,390,0.4639607
FFT_mag,391,0.47334412
FFT_mag,392,0.4743352
FFT_mag,393,0.46600068
FFT_mag,394,0.45304105
FFT_mag,395,0.44446114
FFT_mag,396,0.44880697
FFT_mag,397,0.46215713
FFT_mag,398,0.4740853
FFT_mag,399,0.4794981
FFT_mag,400,0.47413644
FFT_mag,401,0.4621752
FFT_mag,402,0.45022053
FFT_mag,403,0.43951765
FFT_mag,404,0.42809823
FFT_mag,405,0.41879553
FFT_mag,406,0.41768318
FFT_mag,407,0.42228305
FFT_mag,408,0.42682788
FFT_mag,409,0.42752093
FFT_mag,410,0.4255715
FFT_mag,411,0.4248806
FFT_mag,412,0.42289355
FFT_mag,413,0.41210404
FFT_mag,414,0.39724454
FFT_mag,415,0.3896414
FFT_mag,416,0.3898369
FFT_mag,417,0.39117098
FFT_mag,418,0.3904677
FFT_mag,419,0.38807568
FFT_mag,420,0.38291115
FFT_mag,421,0.37384683
FFT_mag,422,0.3637575
FFT_mag,423,0.3579533
FFT_mag,424,0.3559925
FFT_mag,425,0.35580555
FFT_mag,426,0.35767302
FFT_mag,427,0.3603999
FFT_mag,428,0.36000332
FFT_mag,429,0.36000928
FFT_mag,430,0.36347958
FFT_mag,431,0.36316702
FFT_mag,432,0.35604095
FFT_mag,433,0.3523084
FFT_mag,434,0.35470262
FFT_mag,435,0.35563225
FFT_mag,436,0.3541196
FFT_mag,437,0.3553981
FFT_mag,438,0.36175135
FFT_mag,439,0.36856675
FFT_mag,440,0.36996436
FFT_mag,441,0.37315965
FFT_mag,442,0.38208756
FFT_mag,443,0.38708046
FFT_mag,444,0.38811702
FFT_mag,445,0.392597
FFT_mag,446,0.39061508
FFT_mag,447,0.37235543
FFT_mag,448,0.34842098
FFT_mag,449,0.33094275
FFT_mag,450,0.31853706
FFT_mag,451,0.30792332
FFT_mag,452,0.30222687
FFT_mag,453,0.30204904
FFT_mag,454,0.30234683
FFT_mag,455,0.29901457
FFT_mag,456,0.2953961
FFT_mag,457,0.29466015
FFT_mag,458,0.29138526
FFT_mag,459,0.28486165
FFT_mag,460,0.28014898
FFT_mag,461,0.27735126
FFT_mag,462,0.27486667
FFT_mag,463,0.2731934
FFT_mag,464,0.27144665
FFT_mag,465,0.2676357
FFT_mag,466,0.26358232
FFT_mag,467,0.2599836
FFT_mag,468,0.2547641
FFT_mag,469,0.25095055
FFT_mag,470,0.24922675
FFT_mag,471,0.24666364
FFT_mag,472,0.24107738
FFT_mag,473,0.23515467
FFT_mag,474,0.23377304
FFT_mag,475,0.2373093
FFT_mag,476,0.24187312
FFT_mag,477,0.24146573
FFT_mag,478,0.23572847
FFT_mag,479,0.22848429
FFT_mag,480,0.22040208
FFT_mag,481,0.21058345
FFT_mag,482,0.1981932
FFT_mag,483,0.18302287
FFT_mag,484,0.16606161
FFT_mag,485,0.14926493
FFT_mag,486,0.1334113
FFT_mag,487,0.11651625
FFT_mag,488,0.09799532
FFT_mag,489,0.0790823
FFT_mag,490,0.061401714
FFT_mag,491,0.046399206
FFT_mag,492,0.034345627
FFT_mag,493,0.024837568
FFT_mag,494,0.017147833
FFT_mag,495,0.011088863
FFT_mag,496,0.0068077734
FFT_mag,497,0.00402546
FFT_mag,498,0.0022697097
FFT_mag,499,0.0012153878
FFT_mag,500,0.0006274303
FFT_mag,501,0.00031308705
FFT_mag,502,0.00014848229
FFT_mag,503,6.667144e-05
FFT_mag,504,2.9853494e-05
FFT_mag,505,1.4944339e-05
FFT_mag,506,9.475628e-06
FFT_mag,507,7.641041e-06
FFT_mag,508,7.0484484e-06
FFT_mag,509,6.8599065e-06
FFT_mag,510,6.794973e-06
FFT_mag,511,6.769005e-06
FFT_mag,512,6.7658134e-06
